.2026-05-17 13: 36: 50.147 Application Started.
2026-05-17 13: 36: 50.191 Application running on environment 
2026-05-17 13: 36: 50.191 Application version 2.8.0
2026-05-17 13: 36: 50.191 === Starting sof Configuration ===
2026-05-17 13: 36: 50.204 Pool Settings [sof SourceOfFund.Data.ApplicationDbContext]: MinPool=8, MaxPool=10 : DbContextPool=3 : ConnectTimeout=1000s, CommandTimeout=3000s : Lifetime=1000s
2026-05-17 13: 36: 50.205 Pool Settings [sof [external : tms] SourceOfFund.Data.TMSDbContext]: MinPool=16, MaxPool=48 : DbContextPool=20 : ConnectTimeout=1000s, CommandTimeout=3000s : Lifetime=1000s
2026-05-17 13: 36: 50.205 Pool Settings [Hangfire]: MinPool=16, MaxPool=16 : DbContextPool=7 : ConnectTimeout=1000s, CommandTimeout=3000s : Lifetime=1000s
2026-05-17 13: 36: 50.905 No store type was specified for the decimal property '"CreditLimit"' on entity type '"AccountBalanceType"'. This will cause values to be silently truncated if they do not fit in the default precision and scale. Explicitly specify the SQL server column type that can accommodate all the values in 'OnModelCreating' using 'HasColumnType', specify precision and scale using 'HasPrecision', or configure a value converter using 'HasConversion'.
2026-05-17 13: 36: 50.907 No store type was specified for the decimal property '"CreditLimit"' on entity type '"AccountServiceAvailableBalance"'. This will cause values to be silently truncated if they do not fit in the default precision and scale. Explicitly specify the SQL server column type that can accommodate all the values in 'OnModelCreating' using 'HasColumnType', specify precision and scale using 'HasPrecision', or configure a value converter using 'HasConversion'.
2026-05-17 13: 36: 50.907 No store type was specified for the decimal property '"CreditLimit"' on entity type '"AccountServiceBalance"'. This will cause values to be silently truncated if they do not fit in the default precision and scale. Explicitly specify the SQL server column type that can accommodate all the values in 'OnModelCreating' using 'HasColumnType', specify precision and scale using 'HasPrecision', or configure a value converter using 'HasConversion'.
2026-05-17 13: 36: 50.907 No store type was specified for the decimal property '"AvaialableBalanceAfter"' on entity type '"BalanceLog"'. This will cause values to be silently truncated if they do not fit in the default precision and scale. Explicitly specify the SQL server column type that can accommodate all the values in 'OnModelCreating' using 'HasColumnType', specify precision and scale using 'HasPrecision', or configure a value converter using 'HasConversion'.
2026-05-17 13: 36: 50.907 No store type was specified for the decimal property '"AvaialableBalanceBefore"' on entity type '"BalanceLog"'. This will cause values to be silently truncated if they do not fit in the default precision and scale. Explicitly specify the SQL server column type that can accommodate all the values in 'OnModelCreating' using 'HasColumnType', specify precision and scale using 'HasPrecision', or configure a value converter using 'HasConversion'.
2026-05-17 13: 36: 50.907 No store type was specified for the decimal property '"BalanceAfter"' on entity type '"BalanceLog"'. This will cause values to be silently truncated if they do not fit in the default precision and scale. Explicitly specify the SQL server column type that can accommodate all the values in 'OnModelCreating' using 'HasColumnType', specify precision and scale using 'HasPrecision', or configure a value converter using 'HasConversion'.
2026-05-17 13: 36: 50.907 No store type was specified for the decimal property '"BalanceBefore"' on entity type '"BalanceLog"'. This will cause values to be silently truncated if they do not fit in the default precision and scale. Explicitly specify the SQL server column type that can accommodate all the values in 'OnModelCreating' using 'HasColumnType', specify precision and scale using 'HasPrecision', or configure a value converter using 'HasConversion'.
2026-05-17 13: 36: 50.907 No store type was specified for the decimal property '"Commission"' on entity type '"BalanceLog"'. This will cause values to be silently truncated if they do not fit in the default precision and scale. Explicitly specify the SQL server column type that can accommodate all the values in 'OnModelCreating' using 'HasColumnType', specify precision and scale using 'HasPrecision', or configure a value converter using 'HasConversion'.
2026-05-17 13: 36: 50.908 No store type was specified for the decimal property '"Amount"' on entity type '"HoldBalanceHistory"'. This will cause values to be silently truncated if they do not fit in the default precision and scale. Explicitly specify the SQL server column type that can accommodate all the values in 'OnModelCreating' using 'HasColumnType', specify precision and scale using 'HasPrecision', or configure a value converter using 'HasConversion'.
2026-05-17 13: 36: 50.908 No store type was specified for the decimal property '"AvailableBalanceBefore"' on entity type '"HoldBalanceHistory"'. This will cause values to be silently truncated if they do not fit in the default precision and scale. Explicitly specify the SQL server column type that can accommodate all the values in 'OnModelCreating' using 'HasColumnType', specify precision and scale using 'HasPrecision', or configure a value converter using 'HasConversion'.
2026-05-17 13: 36: 50.908 No store type was specified for the decimal property '"ConfirmedAmount"' on entity type '"HoldBalanceHistory"'. This will cause values to be silently truncated if they do not fit in the default precision and scale. Explicitly specify the SQL server column type that can accommodate all the values in 'OnModelCreating' using 'HasColumnType', specify precision and scale using 'HasPrecision', or configure a value converter using 'HasConversion'.
2026-05-17 13: 36: 50.908 No store type was specified for the decimal property '"CreditLimitBefore"' on entity type '"HoldBalanceHistory"'. This will cause values to be silently truncated if they do not fit in the default precision and scale. Explicitly specify the SQL server column type that can accommodate all the values in 'OnModelCreating' using 'HasColumnType', specify precision and scale using 'HasPrecision', or configure a value converter using 'HasConversion'.
2026-05-17 13: 36: 50.908 No store type was specified for the decimal property '"Amount"' on entity type '"POSSettlement"'. This will cause values to be silently truncated if they do not fit in the default precision and scale. Explicitly specify the SQL server column type that can accommodate all the values in 'OnModelCreating' using 'HasColumnType', specify precision and scale using 'HasPrecision', or configure a value converter using 'HasConversion'.
2026-05-17 13: 36: 51.453 Database run migration
2026-05-17 13: 36: 51.469 Start installing Hangfire SQL objects...
2026-05-17 13: 36: 51.751 An exception occurred while trying to perform the migration. Retrying...
Microsoft.Data.SqlClient.SqlException (0x80131904): There is already an object named 'Job' in the database.
Installing Hangfire SQL objects...
Database schema [HangFire] already exists
Table [HangFire].[Schema] already exists
Current Hangfire schema version: none
Enabling HEAVY_MIGRATIONS, because we are installing objects from scratch
Installing schema version 1
   at Microsoft.Data.SqlClient.SqlConnection.OnError(SqlException exception, Boolean breakConnection, Action`1 wrapCloseInAction)
   at Microsoft.Data.SqlClient.SqlInternalConnection.OnError(SqlException exception, Boolean breakConnection, Action`1 wrapCloseInAction)
   at Microsoft.Data.SqlClient.TdsParser.ThrowExceptionAndWarning(TdsParserStateObject stateObj, Boolean callerHasConnectionLock, Boolean asyncClose)
   at Microsoft.Data.SqlClient.TdsParser.TryRun(RunBehavior runBehavior, SqlCommand cmdHandler, SqlDataReader dataStream, BulkCopySimpleResultSet bulkCopyHandler, TdsParserStateObject stateObj, Boolean& dataReady)
   at Microsoft.Data.SqlClient.SqlCommand.RunExecuteNonQueryTds(String methodName, Boolean isAsync, Int32 timeout, Boolean asyncWrite)
   at Microsoft.Data.SqlClient.SqlCommand.InternalExecuteNonQuery(TaskCompletionSource`1 completion, Boolean sendToPipe, Int32 timeout, Boolean& usedCache, Boolean asyncWrite, Boolean inRetry, String methodName)
   at Microsoft.Data.SqlClient.SqlCommand.ExecuteNonQuery()
   at Dapper.SqlMapper.ExecuteCommand(IDbConnection cnn, CommandDefinition& command, Action`2 paramReader) in /_/Dapper/SqlMapper.cs:line 2965
   at Dapper.SqlMapper.ExecuteImpl(IDbConnection cnn, CommandDefinition& command) in /_/Dapper/SqlMapper.cs:line 656
   at Dapper.SqlMapper.Execute(IDbConnection cnn, String sql, Object param, IDbTransaction transaction, Nullable`1 commandTimeout, Nullable`1 commandType) in /_/Dapper/SqlMapper.cs:line 527
   at Hangfire.SqlServer.SqlServerObjectsInstaller.Install(DbConnection connection, String schema, Boolean enableHeavyMigrations) in C:\projects\hangfire-525\src\Hangfire.SqlServer\SqlServerObjectsInstaller.cs:line 48
   at Hangfire.SqlServer.SqlServerStorage.<>c.<Initialize>b__51_0(SqlServerStorage storage, DbConnection connection) in C:\projects\hangfire-525\src\Hangfire.SqlServer\SqlServerStorage.cs:line 455
   at Hangfire.SqlServer.SqlServerStorage.<>c.<UseConnection>b__41_0(SqlServerStorage storage, DbConnection connection, Action`2 ctx) in C:\projects\hangfire-525\src\Hangfire.SqlServer\SqlServerStorage.cs:line 257
   at Hangfire.SqlServer.SqlServerStorage.UseConnection[TContext,TResult](DbConnection dedicatedConnection, Func`4 func, TContext context) in C:\projects\hangfire-525\src\Hangfire.SqlServer\SqlServerStorage.cs:line 279
   at Hangfire.SqlServer.SqlServerStorage.UseConnection(DbConnection dedicatedConnection, Action`2 action) in C:\projects\hangfire-525\src\Hangfire.SqlServer\SqlServerStorage.cs:line 255
   at Hangfire.SqlServer.SqlServerStorage.Initialize() in C:\projects\hangfire-525\src\Hangfire.SqlServer\SqlServerStorage.cs:line 452
ClientConnectionId:99d4c449-8a64-4610-82be-22334cd558d8
Error Number:2714,State:6,Class:16
2026-05-17 13: 36: 51.793 An exception occurred while trying to perform the migration. Retrying...
Microsoft.Data.SqlClient.SqlException (0x80131904): There is already an object named 'Job' in the database.
Installing Hangfire SQL objects...
Database schema [HangFire] already exists
Table [HangFire].[Schema] already exists
Current Hangfire schema version: none
Enabling HEAVY_MIGRATIONS, because we are installing objects from scratch
Installing schema version 1
   at Microsoft.Data.SqlClient.SqlConnection.OnError(SqlException exception, Boolean breakConnection, Action`1 wrapCloseInAction)
   at Microsoft.Data.SqlClient.SqlInternalConnection.OnError(SqlException exception, Boolean breakConnection, Action`1 wrapCloseInAction)
   at Microsoft.Data.SqlClient.TdsParser.ThrowExceptionAndWarning(TdsParserStateObject stateObj, Boolean callerHasConnectionLock, Boolean asyncClose)
   at Microsoft.Data.SqlClient.TdsParser.TryRun(RunBehavior runBehavior, SqlCommand cmdHandler, SqlDataReader dataStream, BulkCopySimpleResultSet bulkCopyHandler, TdsParserStateObject stateObj, Boolean& dataReady)
   at Microsoft.Data.SqlClient.SqlCommand.RunExecuteNonQueryTds(String methodName, Boolean isAsync, Int32 timeout, Boolean asyncWrite)
   at Microsoft.Data.SqlClient.SqlCommand.InternalExecuteNonQuery(TaskCompletionSource`1 completion, Boolean sendToPipe, Int32 timeout, Boolean& usedCache, Boolean asyncWrite, Boolean inRetry, String methodName)
   at Microsoft.Data.SqlClient.SqlCommand.ExecuteNonQuery()
   at Dapper.SqlMapper.ExecuteCommand(IDbConnection cnn, CommandDefinition& command, Action`2 paramReader) in /_/Dapper/SqlMapper.cs:line 2965
   at Dapper.SqlMapper.ExecuteImpl(IDbConnection cnn, CommandDefinition& command) in /_/Dapper/SqlMapper.cs:line 656
   at Dapper.SqlMapper.Execute(IDbConnection cnn, String sql, Object param, IDbTransaction transaction, Nullable`1 commandTimeout, Nullable`1 commandType) in /_/Dapper/SqlMapper.cs:line 527
   at Hangfire.SqlServer.SqlServerObjectsInstaller.Install(DbConnection connection, String schema, Boolean enableHeavyMigrations) in C:\projects\hangfire-525\src\Hangfire.SqlServer\SqlServerObjectsInstaller.cs:line 48
   at Hangfire.SqlServer.SqlServerStorage.<>c.<Initialize>b__51_0(SqlServerStorage storage, DbConnection connection) in C:\projects\hangfire-525\src\Hangfire.SqlServer\SqlServerStorage.cs:line 455
   at Hangfire.SqlServer.SqlServerStorage.<>c.<UseConnection>b__41_0(SqlServerStorage storage, DbConnection connection, Action`2 ctx) in C:\projects\hangfire-525\src\Hangfire.SqlServer\SqlServerStorage.cs:line 257
   at Hangfire.SqlServer.SqlServerStorage.UseConnection[TContext,TResult](DbConnection dedicatedConnection, Func`4 func, TContext context) in C:\projects\hangfire-525\src\Hangfire.SqlServer\SqlServerStorage.cs:line 279
   at Hangfire.SqlServer.SqlServerStorage.UseConnection(DbConnection dedicatedConnection, Action`2 action) in C:\projects\hangfire-525\src\Hangfire.SqlServer\SqlServerStorage.cs:line 255
   at Hangfire.SqlServer.SqlServerStorage.Initialize() in C:\projects\hangfire-525\src\Hangfire.SqlServer\SqlServerStorage.cs:line 452
ClientConnectionId:99d4c449-8a64-4610-82be-22334cd558d8
Error Number:2714,State:6,Class:16
2026-05-17 13: 36: 51.813 An exception occurred while trying to perform the migration.
Microsoft.Data.SqlClient.SqlException (0x80131904): There is already an object named 'Job' in the database.
Installing Hangfire SQL objects...
Database schema [HangFire] already exists
Table [HangFire].[Schema] already exists
Current Hangfire schema version: none
Enabling HEAVY_MIGRATIONS, because we are installing objects from scratch
Installing schema version 1
   at Microsoft.Data.SqlClient.SqlConnection.OnError(SqlException exception, Boolean breakConnection, Action`1 wrapCloseInAction)
   at Microsoft.Data.SqlClient.SqlInternalConnection.OnError(SqlException exception, Boolean breakConnection, Action`1 wrapCloseInAction)
   at Microsoft.Data.SqlClient.TdsParser.ThrowExceptionAndWarning(TdsParserStateObject stateObj, Boolean callerHasConnectionLock, Boolean asyncClose)
   at Microsoft.Data.SqlClient.TdsParser.TryRun(RunBehavior runBehavior, SqlCommand cmdHandler, SqlDataReader dataStream, BulkCopySimpleResultSet bulkCopyHandler, TdsParserStateObject stateObj, Boolean& dataReady)
   at Microsoft.Data.SqlClient.SqlCommand.RunExecuteNonQueryTds(String methodName, Boolean isAsync, Int32 timeout, Boolean asyncWrite)
   at Microsoft.Data.SqlClient.SqlCommand.InternalExecuteNonQuery(TaskCompletionSource`1 completion, Boolean sendToPipe, Int32 timeout, Boolean& usedCache, Boolean asyncWrite, Boolean inRetry, String methodName)
   at Microsoft.Data.SqlClient.SqlCommand.ExecuteNonQuery()
   at Dapper.SqlMapper.ExecuteCommand(IDbConnection cnn, CommandDefinition& command, Action`2 paramReader) in /_/Dapper/SqlMapper.cs:line 2965
   at Dapper.SqlMapper.ExecuteImpl(IDbConnection cnn, CommandDefinition& command) in /_/Dapper/SqlMapper.cs:line 656
   at Dapper.SqlMapper.Execute(IDbConnection cnn, String sql, Object param, IDbTransaction transaction, Nullable`1 commandTimeout, Nullable`1 commandType) in /_/Dapper/SqlMapper.cs:line 527
   at Hangfire.SqlServer.SqlServerObjectsInstaller.Install(DbConnection connection, String schema, Boolean enableHeavyMigrations) in C:\projects\hangfire-525\src\Hangfire.SqlServer\SqlServerObjectsInstaller.cs:line 48
   at Hangfire.SqlServer.SqlServerStorage.<>c.<Initialize>b__51_0(SqlServerStorage storage, DbConnection connection) in C:\projects\hangfire-525\src\Hangfire.SqlServer\SqlServerStorage.cs:line 455
   at Hangfire.SqlServer.SqlServerStorage.<>c.<UseConnection>b__41_0(SqlServerStorage storage, DbConnection connection, Action`2 ctx) in C:\projects\hangfire-525\src\Hangfire.SqlServer\SqlServerStorage.cs:line 257
   at Hangfire.SqlServer.SqlServerStorage.UseConnection[TContext,TResult](DbConnection dedicatedConnection, Func`4 func, TContext context) in C:\projects\hangfire-525\src\Hangfire.SqlServer\SqlServerStorage.cs:line 279
   at Hangfire.SqlServer.SqlServerStorage.UseConnection(DbConnection dedicatedConnection, Action`2 action) in C:\projects\hangfire-525\src\Hangfire.SqlServer\SqlServerStorage.cs:line 255
   at Hangfire.SqlServer.SqlServerStorage.Initialize() in C:\projects\hangfire-525\src\Hangfire.SqlServer\SqlServerStorage.cs:line 452
ClientConnectionId:99d4c449-8a64-4610-82be-22334cd558d8
Error Number:2714,State:6,Class:16
2026-05-17 13: 36: 51.815 Was unable to perform the Hangfire schema migration due to an exception. Ignore this message unless you've just installed or upgraded Hangfire.
Microsoft.Data.SqlClient.SqlException (0x80131904): There is already an object named 'Job' in the database.
Installing Hangfire SQL objects...
Database schema [HangFire] already exists
Table [HangFire].[Schema] already exists
Current Hangfire schema version: none
Enabling HEAVY_MIGRATIONS, because we are installing objects from scratch
Installing schema version 1
   at Microsoft.Data.SqlClient.SqlConnection.OnError(SqlException exception, Boolean breakConnection, Action`1 wrapCloseInAction)
   at Microsoft.Data.SqlClient.SqlInternalConnection.OnError(SqlException exception, Boolean breakConnection, Action`1 wrapCloseInAction)
   at Microsoft.Data.SqlClient.TdsParser.ThrowExceptionAndWarning(TdsParserStateObject stateObj, Boolean callerHasConnectionLock, Boolean asyncClose)
   at Microsoft.Data.SqlClient.TdsParser.TryRun(RunBehavior runBehavior, SqlCommand cmdHandler, SqlDataReader dataStream, BulkCopySimpleResultSet bulkCopyHandler, TdsParserStateObject stateObj, Boolean& dataReady)
   at Microsoft.Data.SqlClient.SqlCommand.RunExecuteNonQueryTds(String methodName, Boolean isAsync, Int32 timeout, Boolean asyncWrite)
   at Microsoft.Data.SqlClient.SqlCommand.InternalExecuteNonQuery(TaskCompletionSource`1 completion, Boolean sendToPipe, Int32 timeout, Boolean& usedCache, Boolean asyncWrite, Boolean inRetry, String methodName)
   at Microsoft.Data.SqlClient.SqlCommand.ExecuteNonQuery()
   at Dapper.SqlMapper.ExecuteCommand(IDbConnection cnn, CommandDefinition& command, Action`2 paramReader) in /_/Dapper/SqlMapper.cs:line 2965
   at Dapper.SqlMapper.ExecuteImpl(IDbConnection cnn, CommandDefinition& command) in /_/Dapper/SqlMapper.cs:line 656
   at Dapper.SqlMapper.Execute(IDbConnection cnn, String sql, Object param, IDbTransaction transaction, Nullable`1 commandTimeout, Nullable`1 commandType) in /_/Dapper/SqlMapper.cs:line 527
   at Hangfire.SqlServer.SqlServerObjectsInstaller.Install(DbConnection connection, String schema, Boolean enableHeavyMigrations) in C:\projects\hangfire-525\src\Hangfire.SqlServer\SqlServerObjectsInstaller.cs:line 48
   at Hangfire.SqlServer.SqlServerStorage.<>c.<Initialize>b__51_0(SqlServerStorage storage, DbConnection connection) in C:\projects\hangfire-525\src\Hangfire.SqlServer\SqlServerStorage.cs:line 455
   at Hangfire.SqlServer.SqlServerStorage.<>c.<UseConnection>b__41_0(SqlServerStorage storage, DbConnection connection, Action`2 ctx) in C:\projects\hangfire-525\src\Hangfire.SqlServer\SqlServerStorage.cs:line 257
   at Hangfire.SqlServer.SqlServerStorage.UseConnection[TContext,TResult](DbConnection dedicatedConnection, Func`4 func, TContext context) in C:\projects\hangfire-525\src\Hangfire.SqlServer\SqlServerStorage.cs:line 279
   at Hangfire.SqlServer.SqlServerStorage.UseConnection(DbConnection dedicatedConnection, Action`2 action) in C:\projects\hangfire-525\src\Hangfire.SqlServer\SqlServerStorage.cs:line 255
   at Hangfire.SqlServer.SqlServerStorage.Initialize() in C:\projects\hangfire-525\src\Hangfire.SqlServer\SqlServerStorage.cs:line 452
ClientConnectionId:99d4c449-8a64-4610-82be-22334cd558d8
Error Number:2714,State:6,Class:16
2026-05-17 13: 36: 52.385 Starting Hangfire Server using job storage: 'SQL Server: 10.90.7.160@SOFHangfire'
2026-05-17 13: 36: 52.386 Using the following options for SQL Server job storage: Queue poll interval: 00:00:05.
2026-05-17 13: 36: 52.386 Using the following options for Hangfire Server:
    Worker count: 16
    Listening queues: 'default'
    Shutdown timeout: 00:00:15
    Schedule polling interval: 00:00:15
2026-05-17 13: 36: 52.432 Server sof-test-f49b5c8bf-55nb9:1:5eff9a5c successfully announced in 24.9295 ms
2026-05-17 13: 36: 52.440 Server sof-test-f49b5c8bf-55nb9:1:5eff9a5c is starting the registered dispatchers: ServerWatchdog, ServerJobCancellationWatcher, ExpirationManager, CountersAggregator, SqlServerHeartbeatProcess, Worker, DelayedJobScheduler, RecurringJobScheduler...
2026-05-17 13: 36: 52.503 Server sof-test-f49b5c8bf-55nb9:1:5eff9a5c all the dispatchers started
2026-05-17 16: 43: 35.137 Create request with Correlation_ID: 4bbff487-cba6-4931-8b85-6e9640239f75
2026-05-17 16: 43: 36.567 Received response with Correlation_ID: 4bbff487-cba6-4931-8b85-6e9640239f75
2026-05-17 16: 59: 04.118 Create request with Correlation_ID: 4afcc345-709b-4ae6-b016-6d18184f8b69
2026-05-17 16: 59: 04.187 Received response with Correlation_ID: 4afcc345-709b-4ae6-b016-6d18184f8b69

2026-05-18 04: 00: 03.849 {"LogDate":"2026-05-18","LogTime":"04:00:03.831","LogLevel":"Information","Entity":"Momkn","Module":"TMS","IP":"10.244.3.142","DenominationId":null,"Method":"AddCommission","Source":"SOF","Destination":"SOF","BRN":null,"BillingAccount":null,"MessageBody":"[Start-Commission]","ExtraData":null,"CorrelationId":""}
2026-05-18 04: 00: 03.867 {"LogDate":"2026-05-18","LogTime":"04:00:03.866","LogLevel":"Information","Entity":"Momkn","Module":"TMS","IP":"10.244.3.142","DenominationId":null,"Method":"AddCommission","Source":"SOF","Destination":"SOF","BRN":null,"BillingAccount":null,"MessageBody":"[DisableServices]","ExtraData":null,"CorrelationId":""}
2026-05-18 04: 00: 04.272 [Start-Commission-DisableServices] - Disabled 284 services
2026-05-18 04: 00: 04.272 {"LogDate":"2026-05-18","LogTime":"04:00:04.272","LogLevel":"Information","Entity":"Momkn","Module":"TMS","IP":"10.244.3.142","DenominationId":null,"Method":"AddCommission","Source":"SOF","Destination":"SOF","BRN":null,"BillingAccount":null,"MessageBody":"[DisableLogin]","ExtraData":null,"CorrelationId":""}
2026-05-18 04: 00: 04.273 [Start-Commission-DisableLogin] - Login username: 
2026-05-18 04: 00: 04.273 {"LogDate":"2026-05-18","LogTime":"04:00:04.273","LogLevel":"Information","Entity":"Momkn","Module":"TMS","IP":"10.244.3.142","DenominationId":null,"Method":"AddCommission","Source":"SOF","Destination":"SOF","BRN":null,"BillingAccount":null,"MessageBody":"[Sleep one minute]","ExtraData":null,"CorrelationId":""}
2026-05-18 04: 01: 04.295 {"LogDate":"2026-05-18","LogTime":"04:01:04.295","LogLevel":"Information","Entity":"Momkn","Module":"TMS","IP":"10.244.3.142","DenominationId":null,"Method":"AddCommission","Source":"SOF","Destination":"SOF","BRN":null,"BillingAccount":null,"MessageBody":"[Start-Commission-SetRequestAndTransaction] - Start Set Request And ransactions in db","ExtraData":null,"CorrelationId":""}
2026-05-18 04: 01: 04.295 {"LogDate":"2026-05-18","LogTime":"04:01:04.295","LogLevel":"Information","Entity":"Momkn","Module":"TMS","IP":"10.244.3.142","DenominationId":null,"Method":"AddCommission","Source":"SOF","Destination":"SOF","BRN":null,"BillingAccount":null,"MessageBody":"[Start-Commission-SetRequestAndTransaction] - number of days to take -1","ExtraData":null,"CorrelationId":""}
2026-05-18 04: 01: 04.736 {"LogDate":"2026-05-18","LogTime":"04:01:04.732","LogLevel":"Information","Entity":"Momkn","Module":"TMS","IP":"10.244.3.142","DenominationId":null,"Method":"AddCommission","Source":"SOF","Destination":"SOF","BRN":null,"BillingAccount":null,"MessageBody":"[Start-Commission-SetRequestAndTransaction] - End and the returned transactions count: 0, request id: 0","ExtraData":[{"Key":"AccountId","Value":"26456"}],"CorrelationId":""}
2026-05-18 04: 01: 04.737 {"LogDate":"2026-05-18","LogTime":"04:01:04.737","LogLevel":"Error","Entity":"Momkn","Module":"TMS","IP":"10.244.3.142","DenominationId":null,"Method":"AddCommission","Source":null,"Destination":null,"BRN":null,"BillingAccount":null,"MessageBody":"[Start-Commission-SetRequestAndTransaction] - SetCommissionForSourceOfFundBulk Procedure returned empty recored","ExtraData":[{"Key":"AccountId","Value":"26456"}],"CorrelationId":null}
2026-05-18 04: 01: 04.748 {"LogDate":"2026-05-18","LogTime":"04:01:04.748","LogLevel":"Error","Entity":"Momkn","Module":"TMS","IP":"10.244.3.142","DenominationId":null,"Method":"AddCommission","Source":null,"Destination":null,"BRN":null,"BillingAccount":null,"MessageBody":"[ErrorAddCommission]","ExtraData":null,"CorrelationId":null}
Backend.Infrastructure.Helpers.BackendException: SetCommissionForSourceOfFundBulk Procedure returned empty recored
   at SourceOfFund.Services.Services.CommissionService.ManageCommissions(Int32 fromAccountId) in /var/charts/sources/alahlymomkn.backend/SourceOfFund.Services/Services/CommissionService.cs:line 84
   at SourceOfFund.Services.Services.CommissionService.AddCommission() in /var/charts/sources/alahlymomkn.backend/SourceOfFund.Services/Services/CommissionService.cs:line 59
2026-05-18 04: 01: 04.774 {"LogDate":"2026-05-18","LogTime":"04:01:04.774","LogLevel":"Information","Entity":"Momkn","Module":"TMS","IP":"10.244.3.142","DenominationId":null,"Method":"AddCommission","Source":"SOF","Destination":"SOF","BRN":null,"BillingAccount":null,"MessageBody":"[EnableLogin]","ExtraData":null,"CorrelationId":""}
2026-05-18 04: 01: 04.777 [Start-Commission-EnableLogin] - Login username: 
2026-05-18 04: 01: 04.777 {"LogDate":"2026-05-18","LogTime":"04:01:04.777","LogLevel":"Information","Entity":"Momkn","Module":"TMS","IP":"10.244.3.142","DenominationId":null,"Method":"AddCommission","Source":"SOF","Destination":"SOF","BRN":null,"BillingAccount":null,"MessageBody":"[EnableServices]","ExtraData":null,"CorrelationId":""}
2026-05-18 04: 01: 04.793 [Start-Commission-EnableServices] - Enabled 284 services
2026-05-18 04: 01: 04.793 {"LogDate":"2026-05-18","LogTime":"04:01:04.793","LogLevel":"Information","Entity":"Momkn","Module":"TMS","IP":"10.244.3.142","DenominationId":null,"Method":"AddCommission","Source":"SOF","Destination":"SOF","BRN":null,"BillingAccount":null,"MessageBody":"[End-Commission]","ExtraData":null,"CorrelationId":""}
2026-05-18 10: 18: 18.822 Create request with Correlation_ID: 2ad58d27-b480-40f9-9f6a-5742ef1e3a93
2026-05-18 10: 18: 19.096 {"LogDate":"2026-05-18","LogTime":"10:18:19.095","LogLevel":"Information","Entity":"Momkn","Module":"TMS","IP":"10.244.3.142","DenominationId":null,"Method":"Hold","Source":"TMS","Destination":"SOF","BRN":null,"BillingAccount":null,"MessageBody":"[Hold]","ExtraData":[{"Key":"AccountId","Value":"132389"},{"Key":"RequestId","Value":"570674"},{"Key":"Amount","Value":"8.58"}],"CorrelationId":"2ad58d27-b480-40f9-9f6a-5742ef1e3a93"}
2026-05-18 10: 18: 20.147 {"LogDate":"2026-05-18","LogTime":"10:18:20.146","LogLevel":"Information","Entity":"Momkn","Module":"TMS","IP":"10.244.3.142","DenominationId":null,"Method":"Hold","Source":"SOF","Destination":"TMS","BRN":null,"BillingAccount":null,"MessageBody":"[Hold-Return]","ExtraData":[{"Key":"AccountId","Value":"132389"},{"Key":"RequestId","Value":"570674"}],"CorrelationId":"2ad58d27-b480-40f9-9f6a-5742ef1e3a93"}
2026-05-18 10: 18: 20.152 Received response with Correlation_ID: 2ad58d27-b480-40f9-9f6a-5742ef1e3a93
2026-05-18 10: 29: 18.043 Create request with Correlation_ID: 44f4368a-c8a9-434c-9bd3-024e7ab50637
2026-05-18 10: 29: 18.069 {"LogDate":"2026-05-18","LogTime":"10:29:18.069","LogLevel":"Information","Entity":"Momkn","Module":"TMS","IP":"10.244.3.142","DenominationId":null,"Method":"Hold","Source":"TMS","Destination":"SOF","BRN":null,"BillingAccount":null,"MessageBody":"[Hold]","ExtraData":[{"Key":"AccountId","Value":"132389"},{"Key":"RequestId","Value":"570676"},{"Key":"Amount","Value":"8.58"}],"CorrelationId":"44f4368a-c8a9-434c-9bd3-024e7ab50637"}
2026-05-18 10: 29: 18.127 {"LogDate":"2026-05-18","LogTime":"10:29:18.127","LogLevel":"Information","Entity":"Momkn","Module":"TMS","IP":"10.244.3.142","DenominationId":null,"Method":"Hold","Source":"SOF","Destination":"TMS","BRN":null,"BillingAccount":null,"MessageBody":"[Hold-Return]","ExtraData":[{"Key":"AccountId","Value":"132389"},{"Key":"RequestId","Value":"570676"}],"CorrelationId":"44f4368a-c8a9-434c-9bd3-024e7ab50637"}
2026-05-18 10: 29: 18.129 Received response with Correlation_ID: 44f4368a-c8a9-434c-9bd3-024e7ab50637
2026-05-18 10: 42: 03.931 Create request with Correlation_ID: bf6ce88d-64e0-4bc0-9697-0986673fea92
2026-05-18 10: 42: 03.991 Received response with Correlation_ID: bf6ce88d-64e0-4bc0-9697-0986673fea92
2026-05-18 11: 07: 50.027 Create request with Correlation_ID: 37e5824f-dc4d-40ce-8693-0d5a677dc6fd
2026-05-18 11: 07: 50.059 Received response with Correlation_ID: 37e5824f-dc4d-40ce-8693-0d5a677dc6fd
2026-05-18 11: 08: 51.137 Create request with Correlation_ID: 19097063-bcbc-47f0-8d34-7efc184f0373
2026-05-18 11: 08: 51.144 {"LogDate":"2026-05-18","LogTime":"11:08:51.144","LogLevel":"Information","Entity":"Momkn","Module":"TMS","IP":"10.244.3.142","DenominationId":null,"Method":"Hold","Source":"TMS","Destination":"SOF","BRN":null,"BillingAccount":null,"MessageBody":"[Hold]","ExtraData":[{"Key":"AccountId","Value":"132389"},{"Key":"RequestId","Value":"570684"},{"Key":"Amount","Value":"692.88"}],"CorrelationId":"19097063-bcbc-47f0-8d34-7efc184f0373"}
2026-05-18 11: 08: 51.203 {"LogDate":"2026-05-18","LogTime":"11:08:51.203","LogLevel":"Information","Entity":"Momkn","Module":"TMS","IP":"10.244.3.142","DenominationId":null,"Method":"Hold","Source":"SOF","Destination":"TMS","BRN":null,"BillingAccount":null,"MessageBody":"[Hold-Return]","ExtraData":[{"Key":"AccountId","Value":"132389"},{"Key":"RequestId","Value":"570684"}],"CorrelationId":"19097063-bcbc-47f0-8d34-7efc184f0373"}
2026-05-18 11: 08: 51.203 Received response with Correlation_ID: 19097063-bcbc-47f0-8d34-7efc184f0373
2026-05-18 11: 08: 52.351 Create request with Correlation_ID: 8ac3f149-32d7-4f56-a69c-7ac1989e582e
2026-05-18 11: 08: 52.387 {"LogDate":"2026-05-18","LogTime":"11:08:52.387","LogLevel":"Information","Entity":"Momkn","Module":"TMS","IP":"10.244.3.142","DenominationId":null,"Method":"Confirm","Source":"TMS","Destination":"SOF","BRN":null,"BillingAccount":null,"MessageBody":"[Confirm]","ExtraData":[{"Key":"AccountId","Value":"132389"},{"Key":"RequestId","Value":"570684"}],"CorrelationId":"8ac3f149-32d7-4f56-a69c-7ac1989e582e"}
2026-05-18 11: 08: 52.513 {"LogDate":"2026-05-18","LogTime":"11:08:52.513","LogLevel":"Information","Entity":"Momkn","Module":"TMS","IP":"10.244.3.142","DenominationId":null,"Method":"Confirm","Source":"SOF","Destination":"TMS","BRN":null,"BillingAccount":null,"MessageBody":"[Confirm-Return] StatusCode: 200","ExtraData":[{"Key":"AccountId","Value":"132389"},{"Key":"RequestId","Value":"570684"}],"CorrelationId":"8ac3f149-32d7-4f56-a69c-7ac1989e582e"}
2026-05-18 11: 08: 52.523 Received response with Correlation_ID: 8ac3f149-32d7-4f56-a69c-7ac1989e582e
2026-05-18 11: 09: 36.107 Create request with Correlation_ID: 19084108-8c10-4ab4-a471-b7ae555e9e89
2026-05-18 11: 09: 36.109 {"LogDate":"2026-05-18","LogTime":"11:09:36.108","LogLevel":"Information","Entity":"Momkn","Module":"TMS","IP":"10.244.3.142","DenominationId":null,"Method":"Hold","Source":"TMS","Destination":"SOF","BRN":null,"BillingAccount":null,"MessageBody":"[Hold]","ExtraData":[{"Key":"AccountId","Value":"132389"},{"Key":"RequestId","Value":"570685"},{"Key":"Amount","Value":"8.58"}],"CorrelationId":"19084108-8c10-4ab4-a471-b7ae555e9e89"}
2026-05-18 11: 09: 36.163 {"LogDate":"2026-05-18","LogTime":"11:09:36.163","LogLevel":"Information","Entity":"Momkn","Module":"TMS","IP":"10.244.3.142","DenominationId":null,"Method":"Hold","Source":"SOF","Destination":"TMS","BRN":null,"BillingAccount":null,"MessageBody":"[Hold-Return]","ExtraData":[{"Key":"AccountId","Value":"132389"},{"Key":"RequestId","Value":"570685"}],"CorrelationId":"19084108-8c10-4ab4-a471-b7ae555e9e89"}
2026-05-18 11: 09: 36.164 Received response with Correlation_ID: 19084108-8c10-4ab4-a471-b7ae555e9e89
2026-05-18 11: 09: 36.251 Create request with Correlation_ID: c5181c60-4695-4279-a3a4-5f3d348d44be
2026-05-18 11: 09: 36.252 {"LogDate":"2026-05-18","LogTime":"11:09:36.252","LogLevel":"Information","Entity":"Momkn","Module":"TMS","IP":"10.244.3.142","DenominationId":null,"Method":"Confirm","Source":"TMS","Destination":"SOF","BRN":null,"BillingAccount":null,"MessageBody":"[Confirm]","ExtraData":[{"Key":"AccountId","Value":"132389"},{"Key":"RequestId","Value":"570685"}],"CorrelationId":"c5181c60-4695-4279-a3a4-5f3d348d44be"}
2026-05-18 11: 09: 36.284 {"LogDate":"2026-05-18","LogTime":"11:09:36.284","LogLevel":"Information","Entity":"Momkn","Module":"TMS","IP":"10.244.3.142","DenominationId":null,"Method":"Confirm","Source":"SOF","Destination":"TMS","BRN":null,"BillingAccount":null,"MessageBody":"[Confirm-Return] StatusCode: 200","ExtraData":[{"Key":"AccountId","Value":"132389"},{"Key":"RequestId","Value":"570685"}],"CorrelationId":"c5181c60-4695-4279-a3a4-5f3d348d44be"}
2026-05-18 11: 09: 36.284 Received response with Correlation_ID: c5181c60-4695-4279-a3a4-5f3d348d44be
2026-05-19 02: 19: 20.102 Server sof-test-f49b5c8bf-55nb9:1:5eff9a5c encountered an exception while sending heartbeat
System.InvalidOperationException: Timeout expired.  The timeout period elapsed prior to obtaining a connection from the pool.  This may have occurred because all pooled connections were in use and max pool size was reached.
   at Microsoft.Data.ProviderBase.DbConnectionFactory.TryGetConnection(DbConnection owningConnection, TaskCompletionSource`1 retry, DbConnectionOptions userOptions, DbConnectionInternal oldConnection, DbConnectionInternal& connection)
   at Microsoft.Data.ProviderBase.DbConnectionInternal.TryOpenConnectionInternal(DbConnection outerConnection, DbConnectionFactory connectionFactory, TaskCompletionSource`1 retry, DbConnectionOptions userOptions)
   at Microsoft.Data.SqlClient.SqlConnection.TryOpen(TaskCompletionSource`1 retry, SqlConnectionOverrides overrides)
   at Microsoft.Data.SqlClient.SqlConnection.Open(SqlConnectionOverrides overrides)
   at Hangfire.SqlServer.SqlServerStorage.CreateAndOpenConnection() in C:\projects\hangfire-525\src\Hangfire.SqlServer\SqlServerStorage.cs:line 404
   at Hangfire.SqlServer.SqlServerStorage.UseConnection[TContext,TResult](DbConnection dedicatedConnection, Func`4 func, TContext context) in C:\projects\hangfire-525\src\Hangfire.SqlServer\SqlServerStorage.cs:line 288
   at Hangfire.SqlServer.SqlServerConnection.Heartbeat(String serverId) in C:\projects\hangfire-525\src\Hangfire.SqlServer\SqlServerConnection.cs:line 546
   at Hangfire.Server.ServerHeartbeatProcess.Execute(BackgroundProcessContext context) in C:\projects\hangfire-525\src\Hangfire.Core\Server\ServerHeartbeatProcess.cs:line 86
2026-05-19 02: 35: 36.651 Execution Worker is in the Failed state now due to an exception, execution will be retried in no more than 00:00:04
System.InvalidOperationException: Timeout expired.  The timeout period elapsed prior to obtaining a connection from the pool.  This may have occurred because all pooled connections were in use and max pool size was reached.
   at Microsoft.Data.ProviderBase.DbConnectionFactory.TryGetConnection(DbConnection owningConnection, TaskCompletionSource`1 retry, DbConnectionOptions userOptions, DbConnectionInternal oldConnection, DbConnectionInternal& connection)
   at Microsoft.Data.ProviderBase.DbConnectionInternal.TryOpenConnectionInternal(DbConnection outerConnection, DbConnectionFactory connectionFactory, TaskCompletionSource`1 retry, DbConnectionOptions userOptions)
   at Microsoft.Data.SqlClient.SqlConnection.TryOpen(TaskCompletionSource`1 retry, SqlConnectionOverrides overrides)
   at Microsoft.Data.SqlClient.SqlConnection.Open(SqlConnectionOverrides overrides)
   at Hangfire.SqlServer.SqlServerStorage.CreateAndOpenConnection() in C:\projects\hangfire-525\src\Hangfire.SqlServer\SqlServerStorage.cs:line 404
   at Hangfire.SqlServer.SqlServerStorage.UseConnection[TContext,TResult](DbConnection dedicatedConnection, Func`4 func, TContext context) in C:\projects\hangfire-525\src\Hangfire.SqlServer\SqlServerStorage.cs:line 288
   at Hangfire.SqlServer.SqlServerJobQueue.DequeueUsingSlidingInvisibilityTimeout(String[] queues, CancellationToken cancellationToken) in C:\projects\hangfire-525\src\Hangfire.SqlServer\SqlServerJobQueue.cs:line 140
   at Hangfire.SqlServer.SqlServerJobQueue.Dequeue(String[] queues, CancellationToken cancellationToken) in C:\projects\hangfire-525\src\Hangfire.SqlServer\SqlServerJobQueue.cs:line 67
   at Hangfire.SqlServer.SqlServerConnection.FetchNextJob(String[] queues, CancellationToken cancellationToken) in C:\projects\hangfire-525\src\Hangfire.SqlServer\SqlServerConnection.cs:line 81
   at Hangfire.Server.Worker.Execute(BackgroundProcessContext context) in C:\projects\hangfire-525\src\Hangfire.Core\Server\Worker.cs:line 107
   at Hangfire.Server.BackgroundProcessDispatcherBuilder.ExecuteProcess(Guid executionId, Object state) in C:\projects\hangfire-525\src\Hangfire.Core\Server\BackgroundProcessDispatcherBuilder.cs:line 82
   at Hangfire.Processing.BackgroundExecution.Run(Action`2 callback, Object state) in C:\projects\hangfire-525\src\Hangfire.Core\Processing\BackgroundExecution.cs:line 118
2026-05-19 02: 35: 38.733 Execution RecurringJobScheduler is in the Failed state now due to an exception, execution will be retried in no more than 00:00:04
System.InvalidOperationException: Timeout expired.  The timeout period elapsed prior to obtaining a connection from the pool.  This may have occurred because all pooled connections were in use and max pool size was reached.
   at Microsoft.Data.ProviderBase.DbConnectionFactory.TryGetConnection(DbConnection owningConnection, TaskCompletionSource`1 retry, DbConnectionOptions userOptions, DbConnectionInternal oldConnection, DbConnectionInternal& connection)
   at Microsoft.Data.ProviderBase.DbConnectionInternal.TryOpenConnectionInternal(DbConnection outerConnection, DbConnectionFactory connectionFactory, TaskCompletionSource`1 retry, DbConnectionOptions userOptions)
   at Microsoft.Data.SqlClient.SqlConnection.TryOpen(TaskCompletionSource`1 retry, SqlConnectionOverrides overrides)
   at Microsoft.Data.SqlClient.SqlConnection.Open(SqlConnectionOverrides overrides)
   at Hangfire.SqlServer.SqlServerStorage.CreateAndOpenConnection() in C:\projects\hangfire-525\src\Hangfire.SqlServer\SqlServerStorage.cs:line 404
   at Hangfire.SqlServer.SqlServerConnection.AcquireLock(String resource, TimeSpan timeout) in C:\projects\hangfire-525\src\Hangfire.SqlServer\SqlServerConnection.cs:line 816
   at Hangfire.Server.RecurringJobScheduler.UseConnectionDistributedLock[T](JobStorage storage, Func`2 action) in C:\projects\hangfire-525\src\Hangfire.Core\Server\RecurringJobScheduler.cs:line 439
   at Hangfire.Server.RecurringJobScheduler.Execute(BackgroundProcessContext context) in C:\projects\hangfire-525\src\Hangfire.Core\Server\RecurringJobScheduler.cs:line 170
   at Hangfire.Server.BackgroundProcessDispatcherBuilder.ExecuteProcess(Guid executionId, Object state) in C:\projects\hangfire-525\src\Hangfire.Core\Server\BackgroundProcessDispatcherBuilder.cs:line 82
   at Hangfire.Processing.BackgroundExecution.Run(Action`2 callback, Object state) in C:\projects\hangfire-525\src\Hangfire.Core\Processing\BackgroundExecution.cs:line 118
2026-05-19 02: 35: 38.741 Execution DelayedJobScheduler is in the Failed state now due to an exception, execution will be retried in no more than 00:00:04
System.InvalidOperationException: Timeout expired.  The timeout period elapsed prior to obtaining a connection from the pool.  This may have occurred because all pooled connections were in use and max pool size was reached.
   at Microsoft.Data.ProviderBase.DbConnectionFactory.TryGetConnection(DbConnection owningConnection, TaskCompletionSource`1 retry, DbConnectionOptions userOptions, DbConnectionInternal oldConnection, DbConnectionInternal& connection)
   at Microsoft.Data.ProviderBase.DbConnectionInternal.TryOpenConnectionInternal(DbConnection outerConnection, DbConnectionFactory connectionFactory, TaskCompletionSource`1 retry, DbConnectionOptions userOptions)
   at Microsoft.Data.SqlClient.SqlConnection.TryOpen(TaskCompletionSource`1 retry, SqlConnectionOverrides overrides)
   at Microsoft.Data.SqlClient.SqlConnection.Open(SqlConnectionOverrides overrides)
   at Hangfire.SqlServer.SqlServerStorage.CreateAndOpenConnection() in C:\projects\hangfire-525\src\Hangfire.SqlServer\SqlServerStorage.cs:line 404
   at Hangfire.SqlServer.SqlServerConnection.AcquireLock(String resource, TimeSpan timeout) in C:\projects\hangfire-525\src\Hangfire.SqlServer\SqlServerConnection.cs:line 816
   at Hangfire.Server.DelayedJobScheduler.UseConnectionDistributedLock[T](JobStorage storage, Func`2 action) in C:\projects\hangfire-525\src\Hangfire.Core\Server\DelayedJobScheduler.cs:line 424
   at Hangfire.Server.DelayedJobScheduler.Execute(BackgroundProcessContext context) in C:\projects\hangfire-525\src\Hangfire.Core\Server\DelayedJobScheduler.cs:line 140
   at Hangfire.Server.BackgroundProcessDispatcherBuilder.ExecuteProcess(Guid executionId, Object state) in C:\projects\hangfire-525\src\Hangfire.Core\Server\BackgroundProcessDispatcherBuilder.cs:line 82
   at Hangfire.Processing.BackgroundExecution.Run(Action`2 callback, Object state) in C:\projects\hangfire-525\src\Hangfire.Core\Processing\BackgroundExecution.cs:line 118
2026-05-19 02: 36: 30.190 Server sof-test-f49b5c8bf-55nb9:1:5eff9a5c encountered an exception while sending heartbeat
System.InvalidOperationException: Timeout expired.  The timeout period elapsed prior to obtaining a connection from the pool.  This may have occurred because all pooled connections were in use and max pool size was reached.
   at Microsoft.Data.ProviderBase.DbConnectionFactory.TryGetConnection(DbConnection owningConnection, TaskCompletionSource`1 retry, DbConnectionOptions userOptions, DbConnectionInternal oldConnection, DbConnectionInternal& connection)
   at Microsoft.Data.ProviderBase.DbConnectionInternal.TryOpenConnectionInternal(DbConnection outerConnection, DbConnectionFactory connectionFactory, TaskCompletionSource`1 retry, DbConnectionOptions userOptions)
   at Microsoft.Data.SqlClient.SqlConnection.TryOpen(TaskCompletionSource`1 retry, SqlConnectionOverrides overrides)
   at Microsoft.Data.SqlClient.SqlConnection.Open(SqlConnectionOverrides overrides)
   at Hangfire.SqlServer.SqlServerStorage.CreateAndOpenConnection() in C:\projects\hangfire-525\src\Hangfire.SqlServer\SqlServerStorage.cs:line 404
   at Hangfire.SqlServer.SqlServerStorage.UseConnection[TContext,TResult](DbConnection dedicatedConnection, Func`4 func, TContext context) in C:\projects\hangfire-525\src\Hangfire.SqlServer\SqlServerStorage.cs:line 288
   at Hangfire.SqlServer.SqlServerConnection.Heartbeat(String serverId) in C:\projects\hangfire-525\src\Hangfire.SqlServer\SqlServerConnection.cs:line 546
   at Hangfire.Server.ServerHeartbeatProcess.Execute(BackgroundProcessContext context) in C:\projects\hangfire-525\src\Hangfire.Core\Server\ServerHeartbeatProcess.cs:line 86
2026-05-19 02: 36: 30.192 Server sof-test-f49b5c8bf-55nb9:1:5eff9a5c will be restarted due to server time out
2026-05-19 02: 36: 30.193 Server sof-test-f49b5c8bf-55nb9:1:5eff9a5c caught restart signal...
2026-05-19 02: 36: 30.197 Server sof-test-f49b5c8bf-55nb9:1:5eff9a5c stopped non-gracefully due to ServerWatchdog, ServerJobCancellationWatcher, ExpirationManager, CountersAggregator, SqlServerHeartbeatProcess, Worker, DelayedJobScheduler, RecurringJobScheduler. Outstanding work on those dispatchers could be aborted, and there can be delays in background processing. This server instance will be incorrectly shown as active for a while. To avoid non-graceful shutdowns, investigate what prevents from stopping gracefully and add CancellationToken support for those methods.
2026-05-19 02: 53: 10.289 Server sof-test-f49b5c8bf-55nb9:1:5eff9a5c there was an exception, server may not be removed
System.InvalidOperationException: Timeout expired.  The timeout period elapsed prior to obtaining a connection from the pool.  This may have occurred because all pooled connections were in use and max pool size was reached.
   at Microsoft.Data.ProviderBase.DbConnectionFactory.TryGetConnection(DbConnection owningConnection, TaskCompletionSource`1 retry, DbConnectionOptions userOptions, DbConnectionInternal oldConnection, DbConnectionInternal& connection)
   at Microsoft.Data.ProviderBase.DbConnectionInternal.TryOpenConnectionInternal(DbConnection outerConnection, DbConnectionFactory connectionFactory, TaskCompletionSource`1 retry, DbConnectionOptions userOptions)
   at Microsoft.Data.SqlClient.SqlConnection.TryOpen(TaskCompletionSource`1 retry, SqlConnectionOverrides overrides)
   at Microsoft.Data.SqlClient.SqlConnection.Open(SqlConnectionOverrides overrides)
   at Hangfire.SqlServer.SqlServerStorage.CreateAndOpenConnection() in C:\projects\hangfire-525\src\Hangfire.SqlServer\SqlServerStorage.cs:line 404
   at Hangfire.SqlServer.SqlServerStorage.UseConnection[TContext,TResult](DbConnection dedicatedConnection, Func`4 func, TContext context) in C:\projects\hangfire-525\src\Hangfire.SqlServer\SqlServerStorage.cs:line 288
   at Hangfire.SqlServer.SqlServerConnection.RemoveServer(String serverId) in C:\projects\hangfire-525\src\Hangfire.SqlServer\SqlServerConnection.cs:line 532
   at Hangfire.Server.BackgroundServerProcess.ServerDelete(BackgroundServerContext context, Stopwatch stoppedAt) in C:\projects\hangfire-525\src\Hangfire.Core\Server\BackgroundServerProcess.cs:line 214
2026-05-19 03: 09: 50.320 Execution BackgroundServerProcess is in the Failed state now due to an exception, execution will be retried in no more than 00:00:15
System.InvalidOperationException: Timeout expired.  The timeout period elapsed prior to obtaining a connection from the pool.  This may have occurred because all pooled connections were in use and max pool size was reached.
   at Microsoft.Data.ProviderBase.DbConnectionFactory.TryGetConnection(DbConnection owningConnection, TaskCompletionSource`1 retry, DbConnectionOptions userOptions, DbConnectionInternal oldConnection, DbConnectionInternal& connection)
   at Microsoft.Data.ProviderBase.DbConnectionInternal.TryOpenConnectionInternal(DbConnection outerConnection, DbConnectionFactory connectionFactory, TaskCompletionSource`1 retry, DbConnectionOptions userOptions)
   at Microsoft.Data.SqlClient.SqlConnection.TryOpen(TaskCompletionSource`1 retry, SqlConnectionOverrides overrides)
   at Microsoft.Data.SqlClient.SqlConnection.Open(SqlConnectionOverrides overrides)
   at Hangfire.SqlServer.SqlServerStorage.CreateAndOpenConnection() in C:\projects\hangfire-525\src\Hangfire.SqlServer\SqlServerStorage.cs:line 404
   at Hangfire.SqlServer.SqlServerStorage.UseConnection[TContext,TResult](DbConnection dedicatedConnection, Func`4 func, TContext context) in C:\projects\hangfire-525\src\Hangfire.SqlServer\SqlServerStorage.cs:line 278
   at Hangfire.SqlServer.SqlServerConnection.AnnounceServer(String serverId, ServerContext context) in C:\projects\hangfire-525\src\Hangfire.SqlServer\SqlServerConnection.cs:line 512
   at Hangfire.Server.BackgroundServerProcess.CreateServer(BackgroundServerContext context) in C:\projects\hangfire-525\src\Hangfire.Core\Server\BackgroundServerProcess.cs:line 194
   at Hangfire.Server.BackgroundServerProcess.Execute(Guid executionId, BackgroundExecution execution, CancellationToken stoppingToken, CancellationToken stoppedToken, CancellationToken shutdownToken) in C:\projects\hangfire-525\src\Hangfire.Core\Server\BackgroundServerProcess.cs:line 101
   at Hangfire.Server.BackgroundProcessingServer.RunServer(Guid executionId, Object state) in C:\projects\hangfire-525\src\Hangfire.Core\Server\BackgroundProcessingServer.cs:line 249
   at Hangfire.Processing.BackgroundExecution.Run(Action`2 callback, Object state) in C:\projects\hangfire-525\src\Hangfire.Core\Processing\BackgroundExecution.cs:line 118
2026-05-19 03: 26: 45.324 Execution BackgroundServerProcess is still in the Failed state for 00:16:55.0027073 due to an exception, will be retried in no more than 00:00:15
System.InvalidOperationException: Timeout expired.  The timeout period elapsed prior to obtaining a connection from the pool.  This may have occurred because all pooled connections were in use and max pool size was reached.
   at Microsoft.Data.ProviderBase.DbConnectionFactory.TryGetConnection(DbConnection owningConnection, TaskCompletionSource`1 retry, DbConnectionOptions userOptions, DbConnectionInternal oldConnection, DbConnectionInternal& connection)
   at Microsoft.Data.ProviderBase.DbConnectionInternal.TryOpenConnectionInternal(DbConnection outerConnection, DbConnectionFactory connectionFactory, TaskCompletionSource`1 retry, DbConnectionOptions userOptions)
   at Microsoft.Data.SqlClient.SqlConnection.TryOpen(TaskCompletionSource`1 retry, SqlConnectionOverrides overrides)
   at Microsoft.Data.SqlClient.SqlConnection.Open(SqlConnectionOverrides overrides)
   at Hangfire.SqlServer.SqlServerStorage.CreateAndOpenConnection() in C:\projects\hangfire-525\src\Hangfire.SqlServer\SqlServerStorage.cs:line 404
   at Hangfire.SqlServer.SqlServerStorage.UseConnection[TContext,TResult](DbConnection dedicatedConnection, Func`4 func, TContext context) in C:\projects\hangfire-525\src\Hangfire.SqlServer\SqlServerStorage.cs:line 278
   at Hangfire.SqlServer.SqlServerConnection.AnnounceServer(String serverId, ServerContext context) in C:\projects\hangfire-525\src\Hangfire.SqlServer\SqlServerConnection.cs:line 512
   at Hangfire.Server.BackgroundServerProcess.CreateServer(BackgroundServerContext context) in C:\projects\hangfire-525\src\Hangfire.Core\Server\BackgroundServerProcess.cs:line 194
   at Hangfire.Server.BackgroundServerProcess.Execute(Guid executionId, BackgroundExecution execution, CancellationToken stoppingToken, CancellationToken stoppedToken, CancellationToken shutdownToken) in C:\projects\hangfire-525\src\Hangfire.Core\Server\BackgroundServerProcess.cs:line 101
   at Hangfire.Server.BackgroundProcessingServer.RunServer(Guid executionId, Object state) in C:\projects\hangfire-525\src\Hangfire.Core\Server\BackgroundProcessingServer.cs:line 249
   at Hangfire.Processing.BackgroundExecution.Run(Action`2 callback, Object state) in C:\projects\hangfire-525\src\Hangfire.Core\Processing\BackgroundExecution.cs:line 118
2026-05-19 03: 43: 40.328 Execution BackgroundServerProcess is still in the Failed state for 00:33:50.0071738 due to an exception, will be retried in no more than 00:00:15
System.InvalidOperationException: Timeout expired.  The timeout period elapsed prior to obtaining a connection from the pool.  This may have occurred because all pooled connections were in use and max pool size was reached.
   at Microsoft.Data.ProviderBase.DbConnectionFactory.TryGetConnection(DbConnection owningConnection, TaskCompletionSource`1 retry, DbConnectionOptions userOptions, DbConnectionInternal oldConnection, DbConnectionInternal& connection)
   at Microsoft.Data.ProviderBase.DbConnectionInternal.TryOpenConnectionInternal(DbConnection outerConnection, DbConnectionFactory connectionFactory, TaskCompletionSource`1 retry, DbConnectionOptions userOptions)
   at Microsoft.Data.SqlClient.SqlConnection.TryOpen(TaskCompletionSource`1 retry, SqlConnectionOverrides overrides)
   at Microsoft.Data.SqlClient.SqlConnection.Open(SqlConnectionOverrides overrides)
   at Hangfire.SqlServer.SqlServerStorage.CreateAndOpenConnection() in C:\projects\hangfire-525\src\Hangfire.SqlServer\SqlServerStorage.cs:line 404
   at Hangfire.SqlServer.SqlServerStorage.UseConnection[TContext,TResult](DbConnection dedicatedConnection, Func`4 func, TContext context) in C:\projects\hangfire-525\src\Hangfire.SqlServer\SqlServerStorage.cs:line 278
   at Hangfire.SqlServer.SqlServerConnection.AnnounceServer(String serverId, ServerContext context) in C:\projects\hangfire-525\src\Hangfire.SqlServer\SqlServerConnection.cs:line 512
   at Hangfire.Server.BackgroundServerProcess.CreateServer(BackgroundServerContext context) in C:\projects\hangfire-525\src\Hangfire.Core\Server\BackgroundServerProcess.cs:line 194
   at Hangfire.Server.BackgroundServerProcess.Execute(Guid executionId, BackgroundExecution execution, CancellationToken stoppingToken, CancellationToken stoppedToken, CancellationToken shutdownToken) in C:\projects\hangfire-525\src\Hangfire.Core\Server\BackgroundServerProcess.cs:line 101
   at Hangfire.Server.BackgroundProcessingServer.RunServer(Guid executionId, Object state) in C:\projects\hangfire-525\src\Hangfire.Core\Server\BackgroundProcessingServer.cs:line 249
   at Hangfire.Processing.BackgroundExecution.Run(Action`2 callback, Object state) in C:\projects\hangfire-525\src\Hangfire.Core\Processing\BackgroundExecution.cs:line 118
2026-05-19 04: 00: 35.332 Execution BackgroundServerProcess is still in the Failed state for 00:50:45.0107402 due to an exception, will be retried in no more than 00:00:15
System.InvalidOperationException: Timeout expired.  The timeout period elapsed prior to obtaining a connection from the pool.  This may have occurred because all pooled connections were in use and max pool size was reached.
   at Microsoft.Data.ProviderBase.DbConnectionFactory.TryGetConnection(DbConnection owningConnection, TaskCompletionSource`1 retry, DbConnectionOptions userOptions, DbConnectionInternal oldConnection, DbConnectionInternal& connection)
   at Microsoft.Data.ProviderBase.DbConnectionInternal.TryOpenConnectionInternal(DbConnection outerConnection, DbConnectionFactory connectionFactory, TaskCompletionSource`1 retry, DbConnectionOptions userOptions)
   at Microsoft.Data.SqlClient.SqlConnection.TryOpen(TaskCompletionSource`1 retry, SqlConnectionOverrides overrides)
   at Microsoft.Data.SqlClient.SqlConnection.Open(SqlConnectionOverrides overrides)
   at Hangfire.SqlServer.SqlServerStorage.CreateAndOpenConnection() in C:\projects\hangfire-525\src\Hangfire.SqlServer\SqlServerStorage.cs:line 404
   at Hangfire.SqlServer.SqlServerStorage.UseConnection[TContext,TResult](DbConnection dedicatedConnection, Func`4 func, TContext context) in C:\projects\hangfire-525\src\Hangfire.SqlServer\SqlServerStorage.cs:line 278
   at Hangfire.SqlServer.SqlServerConnection.AnnounceServer(String serverId, ServerContext context) in C:\projects\hangfire-525\src\Hangfire.SqlServer\SqlServerConnection.cs:line 512
   at Hangfire.Server.BackgroundServerProcess.CreateServer(BackgroundServerContext context) in C:\projects\hangfire-525\src\Hangfire.Core\Server\BackgroundServerProcess.cs:line 194
   at Hangfire.Server.BackgroundServerProcess.Execute(Guid executionId, BackgroundExecution execution, CancellationToken stoppingToken, CancellationToken stoppedToken, CancellationToken shutdownToken) in C:\projects\hangfire-525\src\Hangfire.Core\Server\BackgroundServerProcess.cs:line 101
   at Hangfire.Server.BackgroundProcessingServer.RunServer(Guid executionId, Object state) in C:\projects\hangfire-525\src\Hangfire.Core\Server\BackgroundProcessingServer.cs:line 249
   at Hangfire.Processing.BackgroundExecution.Run(Action`2 callback, Object state) in C:\projects\hangfire-525\src\Hangfire.Core\Processing\BackgroundExecution.cs:line 118
2026-05-19 04: 17: 30.337 Execution BackgroundServerProcess is still in the Failed state for 01:07:40.0163091 due to an exception, will be retried in no more than 00:00:15
System.InvalidOperationException: Timeout expired.  The timeout period elapsed prior to obtaining a connection from the pool.  This may have occurred because all pooled connections were in use and max pool size was reached.
   at Microsoft.Data.ProviderBase.DbConnectionFactory.TryGetConnection(DbConnection owningConnection, TaskCompletionSource`1 retry, DbConnectionOptions userOptions, DbConnectionInternal oldConnection, DbConnectionInternal& connection)
   at Microsoft.Data.ProviderBase.DbConnectionInternal.TryOpenConnectionInternal(DbConnection outerConnection, DbConnectionFactory connectionFactory, TaskCompletionSource`1 retry, DbConnectionOptions userOptions)
   at Microsoft.Data.SqlClient.SqlConnection.TryOpen(TaskCompletionSource`1 retry, SqlConnectionOverrides overrides)
   at Microsoft.Data.SqlClient.SqlConnection.Open(SqlConnectionOverrides overrides)
   at Hangfire.SqlServer.SqlServerStorage.CreateAndOpenConnection() in C:\projects\hangfire-525\src\Hangfire.SqlServer\SqlServerStorage.cs:line 404
   at Hangfire.SqlServer.SqlServerStorage.UseConnection[TContext,TResult](DbConnection dedicatedConnection, Func`4 func, TContext context) in C:\projects\hangfire-525\src\Hangfire.SqlServer\SqlServerStorage.cs:line 278
   at Hangfire.SqlServer.SqlServerConnection.AnnounceServer(String serverId, ServerContext context) in C:\projects\hangfire-525\src\Hangfire.SqlServer\SqlServerConnection.cs:line 512
   at Hangfire.Server.BackgroundServerProcess.CreateServer(BackgroundServerContext context) in C:\projects\hangfire-525\src\Hangfire.Core\Server\BackgroundServerProcess.cs:line 194
   at Hangfire.Server.BackgroundServerProcess.Execute(Guid executionId, BackgroundExecution execution, CancellationToken stoppingToken, CancellationToken stoppedToken, CancellationToken shutdownToken) in C:\projects\hangfire-525\src\Hangfire.Core\Server\BackgroundServerProcess.cs:line 101
   at Hangfire.Server.BackgroundProcessingServer.RunServer(Guid executionId, Object state) in C:\projects\hangfire-525\src\Hangfire.Core\Server\BackgroundProcessingServer.cs:line 249
   at Hangfire.Processing.BackgroundExecution.Run(Action`2 callback, Object state) in C:\projects\hangfire-525\src\Hangfire.Core\Processing\BackgroundExecution.cs:line 118
2026-05-19 04: 34: 25.341 Execution BackgroundServerProcess is still in the Failed state for 01:24:35.0194389 due to an exception, will be retried in no more than 00:00:15
System.InvalidOperationException: Timeout expired.  The timeout period elapsed prior to obtaining a connection from the pool.  This may have occurred because all pooled connections were in use and max pool size was reached.
   at Microsoft.Data.ProviderBase.DbConnectionFactory.TryGetConnection(DbConnection owningConnection, TaskCompletionSource`1 retry, DbConnectionOptions userOptions, DbConnectionInternal oldConnection, DbConnectionInternal& connection)
   at Microsoft.Data.ProviderBase.DbConnectionInternal.TryOpenConnectionInternal(DbConnection outerConnection, DbConnectionFactory connectionFactory, TaskCompletionSource`1 retry, DbConnectionOptions userOptions)
   at Microsoft.Data.SqlClient.SqlConnection.TryOpen(TaskCompletionSource`1 retry, SqlConnectionOverrides overrides)
   at Microsoft.Data.SqlClient.SqlConnection.Open(SqlConnectionOverrides overrides)
   at Hangfire.SqlServer.SqlServerStorage.CreateAndOpenConnection() in C:\projects\hangfire-525\src\Hangfire.SqlServer\SqlServerStorage.cs:line 404
   at Hangfire.SqlServer.SqlServerStorage.UseConnection[TContext,TResult](DbConnection dedicatedConnection, Func`4 func, TContext context) in C:\projects\hangfire-525\src\Hangfire.SqlServer\SqlServerStorage.cs:line 278
   at Hangfire.SqlServer.SqlServerConnection.AnnounceServer(String serverId, ServerContext context) in C:\projects\hangfire-525\src\Hangfire.SqlServer\SqlServerConnection.cs:line 512
   at Hangfire.Server.BackgroundServerProcess.CreateServer(BackgroundServerContext context) in C:\projects\hangfire-525\src\Hangfire.Core\Server\BackgroundServerProcess.cs:line 194
   at Hangfire.Server.BackgroundServerProcess.Execute(Guid executionId, BackgroundExecution execution, CancellationToken stoppingToken, CancellationToken stoppedToken, CancellationToken shutdownToken) in C:\projects\hangfire-525\src\Hangfire.Core\Server\BackgroundServerProcess.cs:line 101
   at Hangfire.Server.BackgroundProcessingServer.RunServer(Guid executionId, Object state) in C:\projects\hangfire-525\src\Hangfire.Core\Server\BackgroundProcessingServer.cs:line 249
   at Hangfire.Processing.BackgroundExecution.Run(Action`2 callback, Object state) in C:\projects\hangfire-525\src\Hangfire.Core\Processing\BackgroundExecution.cs:line 118
2026-05-19 04: 51: 20.344 Execution BackgroundServerProcess is still in the Failed state for 01:41:30.0231326 due to an exception, will be retried in no more than 00:00:15
System.InvalidOperationException: Timeout expired.  The timeout period elapsed prior to obtaining a connection from the pool.  This may have occurred because all pooled connections were in use and max pool size was reached.
   at Microsoft.Data.ProviderBase.DbConnectionFactory.TryGetConnection(DbConnection owningConnection, TaskCompletionSource`1 retry, DbConnectionOptions userOptions, DbConnectionInternal oldConnection, DbConnectionInternal& connection)
   at Microsoft.Data.ProviderBase.DbConnectionInternal.TryOpenConnectionInternal(DbConnection outerConnection, DbConnectionFactory connectionFactory, TaskCompletionSource`1 retry, DbConnectionOptions userOptions)
   at Microsoft.Data.SqlClient.SqlConnection.TryOpen(TaskCompletionSource`1 retry, SqlConnectionOverrides overrides)
   at Microsoft.Data.SqlClient.SqlConnection.Open(SqlConnectionOverrides overrides)
   at Hangfire.SqlServer.SqlServerStorage.CreateAndOpenConnection() in C:\projects\hangfire-525\src\Hangfire.SqlServer\SqlServerStorage.cs:line 404
   at Hangfire.SqlServer.SqlServerStorage.UseConnection[TContext,TResult](DbConnection dedicatedConnection, Func`4 func, TContext context) in C:\projects\hangfire-525\src\Hangfire.SqlServer\SqlServerStorage.cs:line 278
   at Hangfire.SqlServer.SqlServerConnection.AnnounceServer(String serverId, ServerContext context) in C:\projects\hangfire-525\src\Hangfire.SqlServer\SqlServerConnection.cs:line 512
   at Hangfire.Server.BackgroundServerProcess.CreateServer(BackgroundServerContext context) in C:\projects\hangfire-525\src\Hangfire.Core\Server\BackgroundServerProcess.cs:line 194
   at Hangfire.Server.BackgroundServerProcess.Execute(Guid executionId, BackgroundExecution execution, CancellationToken stoppingToken, CancellationToken stoppedToken, CancellationToken shutdownToken) in C:\projects\hangfire-525\src\Hangfire.Core\Server\BackgroundServerProcess.cs:line 101
   at Hangfire.Server.BackgroundProcessingServer.RunServer(Guid executionId, Object state) in C:\projects\hangfire-525\src\Hangfire.Core\Server\BackgroundProcessingServer.cs:line 249
   at Hangfire.Processing.BackgroundExecution.Run(Action`2 callback, Object state) in C:\projects\hangfire-525\src\Hangfire.Core\Processing\BackgroundExecution.cs:line 118
2026-05-19 05: 08: 15.350 Execution BackgroundServerProcess is still in the Failed state for 01:58:25.0284420 due to an exception, will be retried in no more than 00:00:15
System.InvalidOperationException: Timeout expired.  The timeout period elapsed prior to obtaining a connection from the pool.  This may have occurred because all pooled connections were in use and max pool size was reached.
   at Microsoft.Data.ProviderBase.DbConnectionFactory.TryGetConnection(DbConnection owningConnection, TaskCompletionSource`1 retry, DbConnectionOptions userOptions, DbConnectionInternal oldConnection, DbConnectionInternal& connection)
   at Microsoft.Data.ProviderBase.DbConnectionInternal.TryOpenConnectionInternal(DbConnection outerConnection, DbConnectionFactory connectionFactory, TaskCompletionSource`1 retry, DbConnectionOptions userOptions)
   at Microsoft.Data.SqlClient.SqlConnection.TryOpen(TaskCompletionSource`1 retry, SqlConnectionOverrides overrides)
   at Microsoft.Data.SqlClient.SqlConnection.Open(SqlConnectionOverrides overrides)
   at Hangfire.SqlServer.SqlServerStorage.CreateAndOpenConnection() in C:\projects\hangfire-525\src\Hangfire.SqlServer\SqlServerStorage.cs:line 404
   at Hangfire.SqlServer.SqlServerStorage.UseConnection[TContext,TResult](DbConnection dedicatedConnection, Func`4 func, TContext context) in C:\projects\hangfire-525\src\Hangfire.SqlServer\SqlServerStorage.cs:line 278
   at Hangfire.SqlServer.SqlServerConnection.AnnounceServer(String serverId, ServerContext context) in C:\projects\hangfire-525\src\Hangfire.SqlServer\SqlServerConnection.cs:line 512
   at Hangfire.Server.BackgroundServerProcess.CreateServer(BackgroundServerContext context) in C:\projects\hangfire-525\src\Hangfire.Core\Server\BackgroundServerProcess.cs:line 194
   at Hangfire.Server.BackgroundServerProcess.Execute(Guid executionId, BackgroundExecution execution, CancellationToken stoppingToken, CancellationToken stoppedToken, CancellationToken shutdownToken) in C:\projects\hangfire-525\src\Hangfire.Core\Server\BackgroundServerProcess.cs:line 101
   at Hangfire.Server.BackgroundProcessingServer.RunServer(Guid executionId, Object state) in C:\projects\hangfire-525\src\Hangfire.Core\Server\BackgroundProcessingServer.cs:line 249
   at Hangfire.Processing.BackgroundExecution.Run(Action`2 callback, Object state) in C:\projects\hangfire-525\src\Hangfire.Core\Processing\BackgroundExecution.cs:line 118
2026-05-19 05: 25: 10.359 Execution BackgroundServerProcess is still in the Failed state for 02:15:20.0377219 due to an exception, will be retried in no more than 00:00:15
System.InvalidOperationException: Timeout expired.  The timeout period elapsed prior to obtaining a connection from the pool.  This may have occurred because all pooled connections were in use and max pool size was reached.
   at Microsoft.Data.ProviderBase.DbConnectionFactory.TryGetConnection(DbConnection owningConnection, TaskCompletionSource`1 retry, DbConnectionOptions userOptions, DbConnectionInternal oldConnection, DbConnectionInternal& connection)
   at Microsoft.Data.ProviderBase.DbConnectionInternal.TryOpenConnectionInternal(DbConnection outerConnection, DbConnectionFactory connectionFactory, TaskCompletionSource`1 retry, DbConnectionOptions userOptions)
   at Microsoft.Data.SqlClient.SqlConnection.TryOpen(TaskCompletionSource`1 retry, SqlConnectionOverrides overrides)
   at Microsoft.Data.SqlClient.SqlConnection.Open(SqlConnectionOverrides overrides)
   at Hangfire.SqlServer.SqlServerStorage.CreateAndOpenConnection() in C:\projects\hangfire-525\src\Hangfire.SqlServer\SqlServerStorage.cs:line 404
   at Hangfire.SqlServer.SqlServerStorage.UseConnection[TContext,TResult](DbConnection dedicatedConnection, Func`4 func, TContext context) in C:\projects\hangfire-525\src\Hangfire.SqlServer\SqlServerStorage.cs:line 278
   at Hangfire.SqlServer.SqlServerConnection.AnnounceServer(String serverId, ServerContext context) in C:\projects\hangfire-525\src\Hangfire.SqlServer\SqlServerConnection.cs:line 512
   at Hangfire.Server.BackgroundServerProcess.CreateServer(BackgroundServerContext context) in C:\projects\hangfire-525\src\Hangfire.Core\Server\BackgroundServerProcess.cs:line 194
   at Hangfire.Server.BackgroundServerProcess.Execute(Guid executionId, BackgroundExecution execution, CancellationToken stoppingToken, CancellationToken stoppedToken, CancellationToken shutdownToken) in C:\projects\hangfire-525\src\Hangfire.Core\Server\BackgroundServerProcess.cs:line 101
   at Hangfire.Server.BackgroundProcessingServer.RunServer(Guid executionId, Object state) in C:\projects\hangfire-525\src\Hangfire.Core\Server\BackgroundProcessingServer.cs:line 249
   at Hangfire.Processing.BackgroundExecution.Run(Action`2 callback, Object state) in C:\projects\hangfire-525\src\Hangfire.Core\Processing\BackgroundExecution.cs:line 118
2026-05-19 05: 42: 05.364 Execution BackgroundServerProcess is still in the Failed state for 02:32:15.0426987 due to an exception, will be retried in no more than 00:00:15
System.InvalidOperationException: Timeout expired.  The timeout period elapsed prior to obtaining a connection from the pool.  This may have occurred because all pooled connections were in use and max pool size was reached.
   at Microsoft.Data.ProviderBase.DbConnectionFactory.TryGetConnection(DbConnection owningConnection, TaskCompletionSource`1 retry, DbConnectionOptions userOptions, DbConnectionInternal oldConnection, DbConnectionInternal& connection)
   at Microsoft.Data.ProviderBase.DbConnectionInternal.TryOpenConnectionInternal(DbConnection outerConnection, DbConnectionFactory connectionFactory, TaskCompletionSource`1 retry, DbConnectionOptions userOptions)
   at Microsoft.Data.SqlClient.SqlConnection.TryOpen(TaskCompletionSource`1 retry, SqlConnectionOverrides overrides)
   at Microsoft.Data.SqlClient.SqlConnection.Open(SqlConnectionOverrides overrides)
   at Hangfire.SqlServer.SqlServerStorage.CreateAndOpenConnection() in C:\projects\hangfire-525\src\Hangfire.SqlServer\SqlServerStorage.cs:line 404
   at Hangfire.SqlServer.SqlServerStorage.UseConnection[TContext,TResult](DbConnection dedicatedConnection, Func`4 func, TContext context) in C:\projects\hangfire-525\src\Hangfire.SqlServer\SqlServerStorage.cs:line 278
   at Hangfire.SqlServer.SqlServerConnection.AnnounceServer(String serverId, ServerContext context) in C:\projects\hangfire-525\src\Hangfire.SqlServer\SqlServerConnection.cs:line 512
   at Hangfire.Server.BackgroundServerProcess.CreateServer(BackgroundServerContext context) in C:\projects\hangfire-525\src\Hangfire.Core\Server\BackgroundServerProcess.cs:line 194
   at Hangfire.Server.BackgroundServerProcess.Execute(Guid executionId, BackgroundExecution execution, CancellationToken stoppingToken, CancellationToken stoppedToken, CancellationToken shutdownToken) in C:\projects\hangfire-525\src\Hangfire.Core\Server\BackgroundServerProcess.cs:line 101
   at Hangfire.Server.BackgroundProcessingServer.RunServer(Guid executionId, Object state) in C:\projects\hangfire-525\src\Hangfire.Core\Server\BackgroundProcessingServer.cs:line 249
   at Hangfire.Processing.BackgroundExecution.Run(Action`2 callback, Object state) in C:\projects\hangfire-525\src\Hangfire.Core\Processing\BackgroundExecution.cs:line 118
2026-05-19 05: 59: 00.368 Execution BackgroundServerProcess is still in the Failed state for 02:49:10.0459159 due to an exception, will be retried in no more than 00:00:15
System.InvalidOperationException: Timeout expired.  The timeout period elapsed prior to obtaining a connection from the pool.  This may have occurred because all pooled connections were in use and max pool size was reached.
   at Microsoft.Data.ProviderBase.DbConnectionFactory.TryGetConnection(DbConnection owningConnection, TaskCompletionSource`1 retry, DbConnectionOptions userOptions, DbConnectionInternal oldConnection, DbConnectionInternal& connection)
   at Microsoft.Data.ProviderBase.DbConnectionInternal.TryOpenConnectionInternal(DbConnection outerConnection, DbConnectionFactory connectionFactory, TaskCompletionSource`1 retry, DbConnectionOptions userOptions)
   at Microsoft.Data.SqlClient.SqlConnection.TryOpen(TaskCompletionSource`1 retry, SqlConnectionOverrides overrides)
   at Microsoft.Data.SqlClient.SqlConnection.Open(SqlConnectionOverrides overrides)
   at Hangfire.SqlServer.SqlServerStorage.CreateAndOpenConnection() in C:\projects\hangfire-525\src\Hangfire.SqlServer\SqlServerStorage.cs:line 404
   at Hangfire.SqlServer.SqlServerStorage.UseConnection[TContext,TResult](DbConnection dedicatedConnection, Func`4 func, TContext context) in C:\projects\hangfire-525\src\Hangfire.SqlServer\SqlServerStorage.cs:line 278
   at Hangfire.SqlServer.SqlServerConnection.AnnounceServer(String serverId, ServerContext context) in C:\projects\hangfire-525\src\Hangfire.SqlServer\SqlServerConnection.cs:line 512
   at Hangfire.Server.BackgroundServerProcess.CreateServer(BackgroundServerContext context) in C:\projects\hangfire-525\src\Hangfire.Core\Server\BackgroundServerProcess.cs:line 194
   at Hangfire.Server.BackgroundServerProcess.Execute(Guid executionId, BackgroundExecution execution, CancellationToken stoppingToken, CancellationToken stoppedToken, CancellationToken shutdownToken) in C:\projects\hangfire-525\src\Hangfire.Core\Server\BackgroundServerProcess.cs:line 101
   at Hangfire.Server.BackgroundProcessingServer.RunServer(Guid executionId, Object state) in C:\projects\hangfire-525\src\Hangfire.Core\Server\BackgroundProcessingServer.cs:line 249
   at Hangfire.Processing.BackgroundExecution.Run(Action`2 callback, Object state) in C:\projects\hangfire-525\src\Hangfire.Core\Processing\BackgroundExecution.cs:line 118
2026-05-19 06: 15: 55.374 Execution BackgroundServerProcess is still in the Failed state for 03:06:05.0523640 due to an exception, will be retried in no more than 00:00:15
System.InvalidOperationException: Timeout expired.  The timeout period elapsed prior to obtaining a connection from the pool.  This may have occurred because all pooled connections were in use and max pool size was reached.
   at Microsoft.Data.ProviderBase.DbConnectionFactory.TryGetConnection(DbConnection owningConnection, TaskCompletionSource`1 retry, DbConnectionOptions userOptions, DbConnectionInternal oldConnection, DbConnectionInternal& connection)
   at Microsoft.Data.ProviderBase.DbConnectionInternal.TryOpenConnectionInternal(DbConnection outerConnection, DbConnectionFactory connectionFactory, TaskCompletionSource`1 retry, DbConnectionOptions userOptions)
   at Microsoft.Data.SqlClient.SqlConnection.TryOpen(TaskCompletionSource`1 retry, SqlConnectionOverrides overrides)
   at Microsoft.Data.SqlClient.SqlConnection.Open(SqlConnectionOverrides overrides)
   at Hangfire.SqlServer.SqlServerStorage.CreateAndOpenConnection() in C:\projects\hangfire-525\src\Hangfire.SqlServer\SqlServerStorage.cs:line 404
   at Hangfire.SqlServer.SqlServerStorage.UseConnection[TContext,TResult](DbConnection dedicatedConnection, Func`4 func, TContext context) in C:\projects\hangfire-525\src\Hangfire.SqlServer\SqlServerStorage.cs:line 278
   at Hangfire.SqlServer.SqlServerConnection.AnnounceServer(String serverId, ServerContext context) in C:\projects\hangfire-525\src\Hangfire.SqlServer\SqlServerConnection.cs:line 512
   at Hangfire.Server.BackgroundServerProcess.CreateServer(BackgroundServerContext context) in C:\projects\hangfire-525\src\Hangfire.Core\Server\BackgroundServerProcess.cs:line 194
   at Hangfire.Server.BackgroundServerProcess.Execute(Guid executionId, BackgroundExecution execution, CancellationToken stoppingToken, CancellationToken stoppedToken, CancellationToken shutdownToken) in C:\projects\hangfire-525\src\Hangfire.Core\Server\BackgroundServerProcess.cs:line 101
   at Hangfire.Server.BackgroundProcessingServer.RunServer(Guid executionId, Object state) in C:\projects\hangfire-525\src\Hangfire.Core\Server\BackgroundProcessingServer.cs:line 249
   at Hangfire.Processing.BackgroundExecution.Run(Action`2 callback, Object state) in C:\projects\hangfire-525\src\Hangfire.Core\Processing\BackgroundExecution.cs:line 118
2026-05-19 06: 32: 50.380 Execution BackgroundServerProcess is still in the Failed state for 03:23:00.0586075 due to an exception, will be retried in no more than 00:00:15
System.InvalidOperationException: Timeout expired.  The timeout period elapsed prior to obtaining a connection from the pool.  This may have occurred because all pooled connections were in use and max pool size was reached.
   at Microsoft.Data.ProviderBase.DbConnectionFactory.TryGetConnection(DbConnection owningConnection, TaskCompletionSource`1 retry, DbConnectionOptions userOptions, DbConnectionInternal oldConnection, DbConnectionInternal& connection)
   at Microsoft.Data.ProviderBase.DbConnectionInternal.TryOpenConnectionInternal(DbConnection outerConnection, DbConnectionFactory connectionFactory, TaskCompletionSource`1 retry, DbConnectionOptions userOptions)
   at Microsoft.Data.SqlClient.SqlConnection.TryOpen(TaskCompletionSource`1 retry, SqlConnectionOverrides overrides)
   at Microsoft.Data.SqlClient.SqlConnection.Open(SqlConnectionOverrides overrides)
   at Hangfire.SqlServer.SqlServerStorage.CreateAndOpenConnection() in C:\projects\hangfire-525\src\Hangfire.SqlServer\SqlServerStorage.cs:line 404
   at Hangfire.SqlServer.SqlServerStorage.UseConnection[TContext,TResult](DbConnection dedicatedConnection, Func`4 func, TContext context) in C:\projects\hangfire-525\src\Hangfire.SqlServer\SqlServerStorage.cs:line 278
   at Hangfire.SqlServer.SqlServerConnection.AnnounceServer(String serverId, ServerContext context) in C:\projects\hangfire-525\src\Hangfire.SqlServer\SqlServerConnection.cs:line 512
   at Hangfire.Server.BackgroundServerProcess.CreateServer(BackgroundServerContext context) in C:\projects\hangfire-525\src\Hangfire.Core\Server\BackgroundServerProcess.cs:line 194
   at Hangfire.Server.BackgroundServerProcess.Execute(Guid executionId, BackgroundExecution execution, CancellationToken stoppingToken, CancellationToken stoppedToken, CancellationToken shutdownToken) in C:\projects\hangfire-525\src\Hangfire.Core\Server\BackgroundServerProcess.cs:line 101
   at Hangfire.Server.BackgroundProcessingServer.RunServer(Guid executionId, Object state) in C:\projects\hangfire-525\src\Hangfire.Core\Server\BackgroundProcessingServer.cs:line 249
   at Hangfire.Processing.BackgroundExecution.Run(Action`2 callback, Object state) in C:\projects\hangfire-525\src\Hangfire.Core\Processing\BackgroundExecution.cs:line 118
2026-05-19 06: 49: 45.383 Execution BackgroundServerProcess is still in the Failed state for 03:39:55.0617136 due to an exception, will be retried in no more than 00:00:15
System.InvalidOperationException: Timeout expired.  The timeout period elapsed prior to obtaining a connection from the pool.  This may have occurred because all pooled connections were in use and max pool size was reached.
   at Microsoft.Data.ProviderBase.DbConnectionFactory.TryGetConnection(DbConnection owningConnection, TaskCompletionSource`1 retry, DbConnectionOptions userOptions, DbConnectionInternal oldConnection, DbConnectionInternal& connection)
   at Microsoft.Data.ProviderBase.DbConnectionInternal.TryOpenConnectionInternal(DbConnection outerConnection, DbConnectionFactory connectionFactory, TaskCompletionSource`1 retry, DbConnectionOptions userOptions)
   at Microsoft.Data.SqlClient.SqlConnection.TryOpen(TaskCompletionSource`1 retry, SqlConnectionOverrides overrides)
   at Microsoft.Data.SqlClient.SqlConnection.Open(SqlConnectionOverrides overrides)
   at Hangfire.SqlServer.SqlServerStorage.CreateAndOpenConnection() in C:\projects\hangfire-525\src\Hangfire.SqlServer\SqlServerStorage.cs:line 404
   at Hangfire.SqlServer.SqlServerStorage.UseConnection[TContext,TResult](DbConnection dedicatedConnection, Func`4 func, TContext context) in C:\projects\hangfire-525\src\Hangfire.SqlServer\SqlServerStorage.cs:line 278
   at Hangfire.SqlServer.SqlServerConnection.AnnounceServer(String serverId, ServerContext context) in C:\projects\hangfire-525\src\Hangfire.SqlServer\SqlServerConnection.cs:line 512
   at Hangfire.Server.BackgroundServerProcess.CreateServer(BackgroundServerContext context) in C:\projects\hangfire-525\src\Hangfire.Core\Server\BackgroundServerProcess.cs:line 194
   at Hangfire.Server.BackgroundServerProcess.Execute(Guid executionId, BackgroundExecution execution, CancellationToken stoppingToken, CancellationToken stoppedToken, CancellationToken shutdownToken) in C:\projects\hangfire-525\src\Hangfire.Core\Server\BackgroundServerProcess.cs:line 101
   at Hangfire.Server.BackgroundProcessingServer.RunServer(Guid executionId, Object state) in C:\projects\hangfire-525\src\Hangfire.Core\Server\BackgroundProcessingServer.cs:line 249
   at Hangfire.Processing.BackgroundExecution.Run(Action`2 callback, Object state) in C:\projects\hangfire-525\src\Hangfire.Core\Processing\BackgroundExecution.cs:line 118
2026-05-19 07: 06: 40.391 Execution BackgroundServerProcess is still in the Failed state for 03:56:50.0697592 due to an exception, will be retried in no more than 00:00:15
System.InvalidOperationException: Timeout expired.  The timeout period elapsed prior to obtaining a connection from the pool.  This may have occurred because all pooled connections were in use and max pool size was reached.
   at Microsoft.Data.ProviderBase.DbConnectionFactory.TryGetConnection(DbConnection owningConnection, TaskCompletionSource`1 retry, DbConnectionOptions userOptions, DbConnectionInternal oldConnection, DbConnectionInternal& connection)
   at Microsoft.Data.ProviderBase.DbConnectionInternal.TryOpenConnectionInternal(DbConnection outerConnection, DbConnectionFactory connectionFactory, TaskCompletionSource`1 retry, DbConnectionOptions userOptions)
   at Microsoft.Data.SqlClient.SqlConnection.TryOpen(TaskCompletionSource`1 retry, SqlConnectionOverrides overrides)
   at Microsoft.Data.SqlClient.SqlConnection.Open(SqlConnectionOverrides overrides)
   at Hangfire.SqlServer.SqlServerStorage.CreateAndOpenConnection() in C:\projects\hangfire-525\src\Hangfire.SqlServer\SqlServerStorage.cs:line 404
   at Hangfire.SqlServer.SqlServerStorage.UseConnection[TContext,TResult](DbConnection dedicatedConnection, Func`4 func, TContext context) in C:\projects\hangfire-525\src\Hangfire.SqlServer\SqlServerStorage.cs:line 278
   at Hangfire.SqlServer.SqlServerConnection.AnnounceServer(String serverId, ServerContext context) in C:\projects\hangfire-525\src\Hangfire.SqlServer\SqlServerConnection.cs:line 512
   at Hangfire.Server.BackgroundServerProcess.CreateServer(BackgroundServerContext context) in C:\projects\hangfire-525\src\Hangfire.Core\Server\BackgroundServerProcess.cs:line 194
   at Hangfire.Server.BackgroundServerProcess.Execute(Guid executionId, BackgroundExecution execution, CancellationToken stoppingToken, CancellationToken stoppedToken, CancellationToken shutdownToken) in C:\projects\hangfire-525\src\Hangfire.Core\Server\BackgroundServerProcess.cs:line 101
   at Hangfire.Server.BackgroundProcessingServer.RunServer(Guid executionId, Object state) in C:\projects\hangfire-525\src\Hangfire.Core\Server\BackgroundProcessingServer.cs:line 249
   at Hangfire.Processing.BackgroundExecution.Run(Action`2 callback, Object state) in C:\projects\hangfire-525\src\Hangfire.Core\Processing\BackgroundExecution.cs:line 118
2026-05-19 07: 23: 35.395 Execution BackgroundServerProcess is still in the Failed state for 04:13:45.0742458 due to an exception, will be retried in no more than 00:00:15
System.InvalidOperationException: Timeout expired.  The timeout period elapsed prior to obtaining a connection from the pool.  This may have occurred because all pooled connections were in use and max pool size was reached.
   at Microsoft.Data.ProviderBase.DbConnectionFactory.TryGetConnection(DbConnection owningConnection, TaskCompletionSource`1 retry, DbConnectionOptions userOptions, DbConnectionInternal oldConnection, DbConnectionInternal& connection)
   at Microsoft.Data.ProviderBase.DbConnectionInternal.TryOpenConnectionInternal(DbConnection outerConnection, DbConnectionFactory connectionFactory, TaskCompletionSource`1 retry, DbConnectionOptions userOptions)
   at Microsoft.Data.SqlClient.SqlConnection.TryOpen(TaskCompletionSource`1 retry, SqlConnectionOverrides overrides)
   at Microsoft.Data.SqlClient.SqlConnection.Open(SqlConnectionOverrides overrides)
   at Hangfire.SqlServer.SqlServerStorage.CreateAndOpenConnection() in C:\projects\hangfire-525\src\Hangfire.SqlServer\SqlServerStorage.cs:line 404
   at Hangfire.SqlServer.SqlServerStorage.UseConnection[TContext,TResult](DbConnection dedicatedConnection, Func`4 func, TContext context) in C:\projects\hangfire-525\src\Hangfire.SqlServer\SqlServerStorage.cs:line 278
   at Hangfire.SqlServer.SqlServerConnection.AnnounceServer(String serverId, ServerContext context) in C:\projects\hangfire-525\src\Hangfire.SqlServer\SqlServerConnection.cs:line 512
   at Hangfire.Server.BackgroundServerProcess.CreateServer(BackgroundServerContext context) in C:\projects\hangfire-525\src\Hangfire.Core\Server\BackgroundServerProcess.cs:line 194
   at Hangfire.Server.BackgroundServerProcess.Execute(Guid executionId, BackgroundExecution execution, CancellationToken stoppingToken, CancellationToken stoppedToken, CancellationToken shutdownToken) in C:\projects\hangfire-525\src\Hangfire.Core\Server\BackgroundServerProcess.cs:line 101
   at Hangfire.Server.BackgroundProcessingServer.RunServer(Guid executionId, Object state) in C:\projects\hangfire-525\src\Hangfire.Core\Server\BackgroundProcessingServer.cs:line 249
   at Hangfire.Processing.BackgroundExecution.Run(Action`2 callback, Object state) in C:\projects\hangfire-525\src\Hangfire.Core\Processing\BackgroundExecution.cs:line 118
2026-05-19 07: 40: 30.402 Execution BackgroundServerProcess is still in the Failed state for 04:30:40.0810585 due to an exception, will be retried in no more than 00:00:15
System.InvalidOperationException: Timeout expired.  The timeout period elapsed prior to obtaining a connection from the pool.  This may have occurred because all pooled connections were in use and max pool size was reached.
   at Microsoft.Data.ProviderBase.DbConnectionFactory.TryGetConnection(DbConnection owningConnection, TaskCompletionSource`1 retry, DbConnectionOptions userOptions, DbConnectionInternal oldConnection, DbConnectionInternal& connection)
   at Microsoft.Data.ProviderBase.DbConnectionInternal.TryOpenConnectionInternal(DbConnection outerConnection, DbConnectionFactory connectionFactory, TaskCompletionSource`1 retry, DbConnectionOptions userOptions)
   at Microsoft.Data.SqlClient.SqlConnection.TryOpen(TaskCompletionSource`1 retry, SqlConnectionOverrides overrides)
   at Microsoft.Data.SqlClient.SqlConnection.Open(SqlConnectionOverrides overrides)
   at Hangfire.SqlServer.SqlServerStorage.CreateAndOpenConnection() in C:\projects\hangfire-525\src\Hangfire.SqlServer\SqlServerStorage.cs:line 404
   at Hangfire.SqlServer.SqlServerStorage.UseConnection[TContext,TResult](DbConnection dedicatedConnection, Func`4 func, TContext context) in C:\projects\hangfire-525\src\Hangfire.SqlServer\SqlServerStorage.cs:line 278
   at Hangfire.SqlServer.SqlServerConnection.AnnounceServer(String serverId, ServerContext context) in C:\projects\hangfire-525\src\Hangfire.SqlServer\SqlServerConnection.cs:line 512
   at Hangfire.Server.BackgroundServerProcess.CreateServer(BackgroundServerContext context) in C:\projects\hangfire-525\src\Hangfire.Core\Server\BackgroundServerProcess.cs:line 194
   at Hangfire.Server.BackgroundServerProcess.Execute(Guid executionId, BackgroundExecution execution, CancellationToken stoppingToken, CancellationToken stoppedToken, CancellationToken shutdownToken) in C:\projects\hangfire-525\src\Hangfire.Core\Server\BackgroundServerProcess.cs:line 101
   at Hangfire.Server.BackgroundProcessingServer.RunServer(Guid executionId, Object state) in C:\projects\hangfire-525\src\Hangfire.Core\Server\BackgroundProcessingServer.cs:line 249
   at Hangfire.Processing.BackgroundExecution.Run(Action`2 callback, Object state) in C:\projects\hangfire-525\src\Hangfire.Core\Processing\BackgroundExecution.cs:line 118
2026-05-19 07: 57: 25.407 Execution BackgroundServerProcess is still in the Failed state for 04:47:35.0854856 due to an exception, will be retried in no more than 00:00:15
System.InvalidOperationException: Timeout expired.  The timeout period elapsed prior to obtaining a connection from the pool.  This may have occurred because all pooled connections were in use and max pool size was reached.
   at Microsoft.Data.ProviderBase.DbConnectionFactory.TryGetConnection(DbConnection owningConnection, TaskCompletionSource`1 retry, DbConnectionOptions userOptions, DbConnectionInternal oldConnection, DbConnectionInternal& connection)
   at Microsoft.Data.ProviderBase.DbConnectionInternal.TryOpenConnectionInternal(DbConnection outerConnection, DbConnectionFactory connectionFactory, TaskCompletionSource`1 retry, DbConnectionOptions userOptions)
   at Microsoft.Data.SqlClient.SqlConnection.TryOpen(TaskCompletionSource`1 retry, SqlConnectionOverrides overrides)
   at Microsoft.Data.SqlClient.SqlConnection.Open(SqlConnectionOverrides overrides)
   at Hangfire.SqlServer.SqlServerStorage.CreateAndOpenConnection() in C:\projects\hangfire-525\src\Hangfire.SqlServer\SqlServerStorage.cs:line 404
   at Hangfire.SqlServer.SqlServerStorage.UseConnection[TContext,TResult](DbConnection dedicatedConnection, Func`4 func, TContext context) in C:\projects\hangfire-525\src\Hangfire.SqlServer\SqlServerStorage.cs:line 278
   at Hangfire.SqlServer.SqlServerConnection.AnnounceServer(String serverId, ServerContext context) in C:\projects\hangfire-525\src\Hangfire.SqlServer\SqlServerConnection.cs:line 512
   at Hangfire.Server.BackgroundServerProcess.CreateServer(BackgroundServerContext context) in C:\projects\hangfire-525\src\Hangfire.Core\Server\BackgroundServerProcess.cs:line 194
   at Hangfire.Server.BackgroundServerProcess.Execute(Guid executionId, BackgroundExecution execution, CancellationToken stoppingToken, CancellationToken stoppedToken, CancellationToken shutdownToken) in C:\projects\hangfire-525\src\Hangfire.Core\Server\BackgroundServerProcess.cs:line 101
   at Hangfire.Server.BackgroundProcessingServer.RunServer(Guid executionId, Object state) in C:\projects\hangfire-525\src\Hangfire.Core\Server\BackgroundProcessingServer.cs:line 249
   at Hangfire.Processing.BackgroundExecution.Run(Action`2 callback, Object state) in C:\projects\hangfire-525\src\Hangfire.Core\Processing\BackgroundExecution.cs:line 118
2026-05-19 08: 14: 20.411 Execution BackgroundServerProcess is still in the Failed state for 05:04:30.0894425 due to an exception, will be retried in no more than 00:00:15
System.InvalidOperationException: Timeout expired.  The timeout period elapsed prior to obtaining a connection from the pool.  This may have occurred because all pooled connections were in use and max pool size was reached.
   at Microsoft.Data.ProviderBase.DbConnectionFactory.TryGetConnection(DbConnection owningConnection, TaskCompletionSource`1 retry, DbConnectionOptions userOptions, DbConnectionInternal oldConnection, DbConnectionInternal& connection)
   at Microsoft.Data.ProviderBase.DbConnectionInternal.TryOpenConnectionInternal(DbConnection outerConnection, DbConnectionFactory connectionFactory, TaskCompletionSource`1 retry, DbConnectionOptions userOptions)
   at Microsoft.Data.SqlClient.SqlConnection.TryOpen(TaskCompletionSource`1 retry, SqlConnectionOverrides overrides)
   at Microsoft.Data.SqlClient.SqlConnection.Open(SqlConnectionOverrides overrides)
   at Hangfire.SqlServer.SqlServerStorage.CreateAndOpenConnection() in C:\projects\hangfire-525\src\Hangfire.SqlServer\SqlServerStorage.cs:line 404
   at Hangfire.SqlServer.SqlServerStorage.UseConnection[TContext,TResult](DbConnection dedicatedConnection, Func`4 func, TContext context) in C:\projects\hangfire-525\src\Hangfire.SqlServer\SqlServerStorage.cs:line 278
   at Hangfire.SqlServer.SqlServerConnection.AnnounceServer(String serverId, ServerContext context) in C:\projects\hangfire-525\src\Hangfire.SqlServer\SqlServerConnection.cs:line 512
   at Hangfire.Server.BackgroundServerProcess.CreateServer(BackgroundServerContext context) in C:\projects\hangfire-525\src\Hangfire.Core\Server\BackgroundServerProcess.cs:line 194
   at Hangfire.Server.BackgroundServerProcess.Execute(Guid executionId, BackgroundExecution execution, CancellationToken stoppingToken, CancellationToken stoppedToken, CancellationToken shutdownToken) in C:\projects\hangfire-525\src\Hangfire.Core\Server\BackgroundServerProcess.cs:line 101
   at Hangfire.Server.BackgroundProcessingServer.RunServer(Guid executionId, Object state) in C:\projects\hangfire-525\src\Hangfire.Core\Server\BackgroundProcessingServer.cs:line 249
   at Hangfire.Processing.BackgroundExecution.Run(Action`2 callback, Object state) in C:\projects\hangfire-525\src\Hangfire.Core\Processing\BackgroundExecution.cs:line 118
2026-05-19 08: 31: 15.417 Execution BackgroundServerProcess is still in the Failed state for 05:21:25.0954441 due to an exception, will be retried in no more than 00:00:15
System.InvalidOperationException: Timeout expired.  The timeout period elapsed prior to obtaining a connection from the pool.  This may have occurred because all pooled connections were in use and max pool size was reached.
   at Microsoft.Data.ProviderBase.DbConnectionFactory.TryGetConnection(DbConnection owningConnection, TaskCompletionSource`1 retry, DbConnectionOptions userOptions, DbConnectionInternal oldConnection, DbConnectionInternal& connection)
   at Microsoft.Data.ProviderBase.DbConnectionInternal.TryOpenConnectionInternal(DbConnection outerConnection, DbConnectionFactory connectionFactory, TaskCompletionSource`1 retry, DbConnectionOptions userOptions)
   at Microsoft.Data.SqlClient.SqlConnection.TryOpen(TaskCompletionSource`1 retry, SqlConnectionOverrides overrides)
   at Microsoft.Data.SqlClient.SqlConnection.Open(SqlConnectionOverrides overrides)
   at Hangfire.SqlServer.SqlServerStorage.CreateAndOpenConnection() in C:\projects\hangfire-525\src\Hangfire.SqlServer\SqlServerStorage.cs:line 404
   at Hangfire.SqlServer.SqlServerStorage.UseConnection[TContext,TResult](DbConnection dedicatedConnection, Func`4 func, TContext context) in C:\projects\hangfire-525\src\Hangfire.SqlServer\SqlServerStorage.cs:line 278
   at Hangfire.SqlServer.SqlServerConnection.AnnounceServer(String serverId, ServerContext context) in C:\projects\hangfire-525\src\Hangfire.SqlServer\SqlServerConnection.cs:line 512
   at Hangfire.Server.BackgroundServerProcess.CreateServer(BackgroundServerContext context) in C:\projects\hangfire-525\src\Hangfire.Core\Server\BackgroundServerProcess.cs:line 194
   at Hangfire.Server.BackgroundServerProcess.Execute(Guid executionId, BackgroundExecution execution, CancellationToken stoppingToken, CancellationToken stoppedToken, CancellationToken shutdownToken) in C:\projects\hangfire-525\src\Hangfire.Core\Server\BackgroundServerProcess.cs:line 101
   at Hangfire.Server.BackgroundProcessingServer.RunServer(Guid executionId, Object state) in C:\projects\hangfire-525\src\Hangfire.Core\Server\BackgroundProcessingServer.cs:line 249
   at Hangfire.Processing.BackgroundExecution.Run(Action`2 callback, Object state) in C:\projects\hangfire-525\src\Hangfire.Core\Processing\BackgroundExecution.cs:line 118
2026-05-19 08: 48: 10.422 Execution BackgroundServerProcess is still in the Failed state for 05:38:20.1008141 due to an exception, will be retried in no more than 00:00:15
System.InvalidOperationException: Timeout expired.  The timeout period elapsed prior to obtaining a connection from the pool.  This may have occurred because all pooled connections were in use and max pool size was reached.
   at Microsoft.Data.ProviderBase.DbConnectionFactory.TryGetConnection(DbConnection owningConnection, TaskCompletionSource`1 retry, DbConnectionOptions userOptions, DbConnectionInternal oldConnection, DbConnectionInternal& connection)
   at Microsoft.Data.ProviderBase.DbConnectionInternal.TryOpenConnectionInternal(DbConnection outerConnection, DbConnectionFactory connectionFactory, TaskCompletionSource`1 retry, DbConnectionOptions userOptions)
   at Microsoft.Data.SqlClient.SqlConnection.TryOpen(TaskCompletionSource`1 retry, SqlConnectionOverrides overrides)
   at Microsoft.Data.SqlClient.SqlConnection.Open(SqlConnectionOverrides overrides)
   at Hangfire.SqlServer.SqlServerStorage.CreateAndOpenConnection() in C:\projects\hangfire-525\src\Hangfire.SqlServer\SqlServerStorage.cs:line 404
   at Hangfire.SqlServer.SqlServerStorage.UseConnection[TContext,TResult](DbConnection dedicatedConnection, Func`4 func, TContext context) in C:\projects\hangfire-525\src\Hangfire.SqlServer\SqlServerStorage.cs:line 278
   at Hangfire.SqlServer.SqlServerConnection.AnnounceServer(String serverId, ServerContext context) in C:\projects\hangfire-525\src\Hangfire.SqlServer\SqlServerConnection.cs:line 512
   at Hangfire.Server.BackgroundServerProcess.CreateServer(BackgroundServerContext context) in C:\projects\hangfire-525\src\Hangfire.Core\Server\BackgroundServerProcess.cs:line 194
   at Hangfire.Server.BackgroundServerProcess.Execute(Guid executionId, BackgroundExecution execution, CancellationToken stoppingToken, CancellationToken stoppedToken, CancellationToken shutdownToken) in C:\projects\hangfire-525\src\Hangfire.Core\Server\BackgroundServerProcess.cs:line 101
   at Hangfire.Server.BackgroundProcessingServer.RunServer(Guid executionId, Object state) in C:\projects\hangfire-525\src\Hangfire.Core\Server\BackgroundProcessingServer.cs:line 249
   at Hangfire.Processing.BackgroundExecution.Run(Action`2 callback, Object state) in C:\projects\hangfire-525\src\Hangfire.Core\Processing\BackgroundExecution.cs:line 118
2026-05-19 09: 05: 05.426 Execution BackgroundServerProcess is still in the Failed state for 05:55:15.1049733 due to an exception, will be retried in no more than 00:00:15
System.InvalidOperationException: Timeout expired.  The timeout period elapsed prior to obtaining a connection from the pool.  This may have occurred because all pooled connections were in use and max pool size was reached.
   at Microsoft.Data.ProviderBase.DbConnectionFactory.TryGetConnection(DbConnection owningConnection, TaskCompletionSource`1 retry, DbConnectionOptions userOptions, DbConnectionInternal oldConnection, DbConnectionInternal& connection)
   at Microsoft.Data.ProviderBase.DbConnectionInternal.TryOpenConnectionInternal(DbConnection outerConnection, DbConnectionFactory connectionFactory, TaskCompletionSource`1 retry, DbConnectionOptions userOptions)
   at Microsoft.Data.SqlClient.SqlConnection.TryOpen(TaskCompletionSource`1 retry, SqlConnectionOverrides overrides)
   at Microsoft.Data.SqlClient.SqlConnection.Open(SqlConnectionOverrides overrides)
   at Hangfire.SqlServer.SqlServerStorage.CreateAndOpenConnection() in C:\projects\hangfire-525\src\Hangfire.SqlServer\SqlServerStorage.cs:line 404
   at Hangfire.SqlServer.SqlServerStorage.UseConnection[TContext,TResult](DbConnection dedicatedConnection, Func`4 func, TContext context) in C:\projects\hangfire-525\src\Hangfire.SqlServer\SqlServerStorage.cs:line 278
   at Hangfire.SqlServer.SqlServerConnection.AnnounceServer(String serverId, ServerContext context) in C:\projects\hangfire-525\src\Hangfire.SqlServer\SqlServerConnection.cs:line 512
   at Hangfire.Server.BackgroundServerProcess.CreateServer(BackgroundServerContext context) in C:\projects\hangfire-525\src\Hangfire.Core\Server\BackgroundServerProcess.cs:line 194
   at Hangfire.Server.BackgroundServerProcess.Execute(Guid executionId, BackgroundExecution execution, CancellationToken stoppingToken, CancellationToken stoppedToken, CancellationToken shutdownToken) in C:\projects\hangfire-525\src\Hangfire.Core\Server\BackgroundServerProcess.cs:line 101
   at Hangfire.Server.BackgroundProcessingServer.RunServer(Guid executionId, Object state) in C:\projects\hangfire-525\src\Hangfire.Core\Server\BackgroundProcessingServer.cs:line 249
   at Hangfire.Processing.BackgroundExecution.Run(Action`2 callback, Object state) in C:\projects\hangfire-525\src\Hangfire.Core\Processing\BackgroundExecution.cs:line 118
2026-05-19 09: 22: 00.432 Execution BackgroundServerProcess is still in the Failed state for 06:12:10.1106436 due to an exception, will be retried in no more than 00:00:15
System.InvalidOperationException: Timeout expired.  The timeout period elapsed prior to obtaining a connection from the pool.  This may have occurred because all pooled connections were in use and max pool size was reached.
   at Microsoft.Data.ProviderBase.DbConnectionFactory.TryGetConnection(DbConnection owningConnection, TaskCompletionSource`1 retry, DbConnectionOptions userOptions, DbConnectionInternal oldConnection, DbConnectionInternal& connection)
   at Microsoft.Data.ProviderBase.DbConnectionInternal.TryOpenConnectionInternal(DbConnection outerConnection, DbConnectionFactory connectionFactory, TaskCompletionSource`1 retry, DbConnectionOptions userOptions)
   at Microsoft.Data.SqlClient.SqlConnection.TryOpen(TaskCompletionSource`1 retry, SqlConnectionOverrides overrides)
   at Microsoft.Data.SqlClient.SqlConnection.Open(SqlConnectionOverrides overrides)
   at Hangfire.SqlServer.SqlServerStorage.CreateAndOpenConnection() in C:\projects\hangfire-525\src\Hangfire.SqlServer\SqlServerStorage.cs:line 404
   at Hangfire.SqlServer.SqlServerStorage.UseConnection[TContext,TResult](DbConnection dedicatedConnection, Func`4 func, TContext context) in C:\projects\hangfire-525\src\Hangfire.SqlServer\SqlServerStorage.cs:line 278
   at Hangfire.SqlServer.SqlServerConnection.AnnounceServer(String serverId, ServerContext context) in C:\projects\hangfire-525\src\Hangfire.SqlServer\SqlServerConnection.cs:line 512
   at Hangfire.Server.BackgroundServerProcess.CreateServer(BackgroundServerContext context) in C:\projects\hangfire-525\src\Hangfire.Core\Server\BackgroundServerProcess.cs:line 194
   at Hangfire.Server.BackgroundServerProcess.Execute(Guid executionId, BackgroundExecution execution, CancellationToken stoppingToken, CancellationToken stoppedToken, CancellationToken shutdownToken) in C:\projects\hangfire-525\src\Hangfire.Core\Server\BackgroundServerProcess.cs:line 101
   at Hangfire.Server.BackgroundProcessingServer.RunServer(Guid executionId, Object state) in C:\projects\hangfire-525\src\Hangfire.Core\Server\BackgroundProcessingServer.cs:line 249
   at Hangfire.Processing.BackgroundExecution.Run(Action`2 callback, Object state) in C:\projects\hangfire-525\src\Hangfire.Core\Processing\BackgroundExecution.cs:line 118
2026-05-19 09: 38: 55.435 Execution BackgroundServerProcess is still in the Failed state for 06:29:05.1138585 due to an exception, will be retried in no more than 00:00:15
System.InvalidOperationException: Timeout expired.  The timeout period elapsed prior to obtaining a connection from the pool.  This may have occurred because all pooled connections were in use and max pool size was reached.
   at Microsoft.Data.ProviderBase.DbConnectionFactory.TryGetConnection(DbConnection owningConnection, TaskCompletionSource`1 retry, DbConnectionOptions userOptions, DbConnectionInternal oldConnection, DbConnectionInternal& connection)
   at Microsoft.Data.ProviderBase.DbConnectionInternal.TryOpenConnectionInternal(DbConnection outerConnection, DbConnectionFactory connectionFactory, TaskCompletionSource`1 retry, DbConnectionOptions userOptions)
   at Microsoft.Data.SqlClient.SqlConnection.TryOpen(TaskCompletionSource`1 retry, SqlConnectionOverrides overrides)
   at Microsoft.Data.SqlClient.SqlConnection.Open(SqlConnectionOverrides overrides)
   at Hangfire.SqlServer.SqlServerStorage.CreateAndOpenConnection() in C:\projects\hangfire-525\src\Hangfire.SqlServer\SqlServerStorage.cs:line 404
   at Hangfire.SqlServer.SqlServerStorage.UseConnection[TContext,TResult](DbConnection dedicatedConnection, Func`4 func, TContext context) in C:\projects\hangfire-525\src\Hangfire.SqlServer\SqlServerStorage.cs:line 278
   at Hangfire.SqlServer.SqlServerConnection.AnnounceServer(String serverId, ServerContext context) in C:\projects\hangfire-525\src\Hangfire.SqlServer\SqlServerConnection.cs:line 512
   at Hangfire.Server.BackgroundServerProcess.CreateServer(BackgroundServerContext context) in C:\projects\hangfire-525\src\Hangfire.Core\Server\BackgroundServerProcess.cs:line 194
   at Hangfire.Server.BackgroundServerProcess.Execute(Guid executionId, BackgroundExecution execution, CancellationToken stoppingToken, CancellationToken stoppedToken, CancellationToken shutdownToken) in C:\projects\hangfire-525\src\Hangfire.Core\Server\BackgroundServerProcess.cs:line 101
   at Hangfire.Server.BackgroundProcessingServer.RunServer(Guid executionId, Object state) in C:\projects\hangfire-525\src\Hangfire.Core\Server\BackgroundProcessingServer.cs:line 249
   at Hangfire.Processing.BackgroundExecution.Run(Action`2 callback, Object state) in C:\projects\hangfire-525\src\Hangfire.Core\Processing\BackgroundExecution.cs:line 118
2026-05-19 09: 55: 50.441 Execution BackgroundServerProcess is still in the Failed state for 06:46:00.1202150 due to an exception, will be retried in no more than 00:00:15
System.InvalidOperationException: Timeout expired.  The timeout period elapsed prior to obtaining a connection from the pool.  This may have occurred because all pooled connections were in use and max pool size was reached.
   at Microsoft.Data.ProviderBase.DbConnectionFactory.TryGetConnection(DbConnection owningConnection, TaskCompletionSource`1 retry, DbConnectionOptions userOptions, DbConnectionInternal oldConnection, DbConnectionInternal& connection)
   at Microsoft.Data.ProviderBase.DbConnectionInternal.TryOpenConnectionInternal(DbConnection outerConnection, DbConnectionFactory connectionFactory, TaskCompletionSource`1 retry, DbConnectionOptions userOptions)
   at Microsoft.Data.SqlClient.SqlConnection.TryOpen(TaskCompletionSource`1 retry, SqlConnectionOverrides overrides)
   at Microsoft.Data.SqlClient.SqlConnection.Open(SqlConnectionOverrides overrides)
   at Hangfire.SqlServer.SqlServerStorage.CreateAndOpenConnection() in C:\projects\hangfire-525\src\Hangfire.SqlServer\SqlServerStorage.cs:line 404
   at Hangfire.SqlServer.SqlServerStorage.UseConnection[TContext,TResult](DbConnection dedicatedConnection, Func`4 func, TContext context) in C:\projects\hangfire-525\src\Hangfire.SqlServer\SqlServerStorage.cs:line 278
   at Hangfire.SqlServer.SqlServerConnection.AnnounceServer(String serverId, ServerContext context) in C:\projects\hangfire-525\src\Hangfire.SqlServer\SqlServerConnection.cs:line 512
   at Hangfire.Server.BackgroundServerProcess.CreateServer(BackgroundServerContext context) in C:\projects\hangfire-525\src\Hangfire.Core\Server\BackgroundServerProcess.cs:line 194
   at Hangfire.Server.BackgroundServerProcess.Execute(Guid executionId, BackgroundExecution execution, CancellationToken stoppingToken, CancellationToken stoppedToken, CancellationToken shutdownToken) in C:\projects\hangfire-525\src\Hangfire.Core\Server\BackgroundServerProcess.cs:line 101
   at Hangfire.Server.BackgroundProcessingServer.RunServer(Guid executionId, Object state) in C:\projects\hangfire-525\src\Hangfire.Core\Server\BackgroundProcessingServer.cs:line 249
   at Hangfire.Processing.BackgroundExecution.Run(Action`2 callback, Object state) in C:\projects\hangfire-525\src\Hangfire.Core\Processing\BackgroundExecution.cs:line 118
2026-05-19 10: 12: 45.449 Execution BackgroundServerProcess is still in the Failed state for 07:02:55.1277436 due to an exception, will be retried in no more than 00:00:15
System.InvalidOperationException: Timeout expired.  The timeout period elapsed prior to obtaining a connection from the pool.  This may have occurred because all pooled connections were in use and max pool size was reached.
   at Microsoft.Data.ProviderBase.DbConnectionFactory.TryGetConnection(DbConnection owningConnection, TaskCompletionSource`1 retry, DbConnectionOptions userOptions, DbConnectionInternal oldConnection, DbConnectionInternal& connection)
   at Microsoft.Data.ProviderBase.DbConnectionInternal.TryOpenConnectionInternal(DbConnection outerConnection, DbConnectionFactory connectionFactory, TaskCompletionSource`1 retry, DbConnectionOptions userOptions)
   at Microsoft.Data.SqlClient.SqlConnection.TryOpen(TaskCompletionSource`1 retry, SqlConnectionOverrides overrides)
   at Microsoft.Data.SqlClient.SqlConnection.Open(SqlConnectionOverrides overrides)
   at Hangfire.SqlServer.SqlServerStorage.CreateAndOpenConnection() in C:\projects\hangfire-525\src\Hangfire.SqlServer\SqlServerStorage.cs:line 404
   at Hangfire.SqlServer.SqlServerStorage.UseConnection[TContext,TResult](DbConnection dedicatedConnection, Func`4 func, TContext context) in C:\projects\hangfire-525\src\Hangfire.SqlServer\SqlServerStorage.cs:line 278
   at Hangfire.SqlServer.SqlServerConnection.AnnounceServer(String serverId, ServerContext context) in C:\projects\hangfire-525\src\Hangfire.SqlServer\SqlServerConnection.cs:line 512
   at Hangfire.Server.BackgroundServerProcess.CreateServer(BackgroundServerContext context) in C:\projects\hangfire-525\src\Hangfire.Core\Server\BackgroundServerProcess.cs:line 194
   at Hangfire.Server.BackgroundServerProcess.Execute(Guid executionId, BackgroundExecution execution, CancellationToken stoppingToken, CancellationToken stoppedToken, CancellationToken shutdownToken) in C:\projects\hangfire-525\src\Hangfire.Core\Server\BackgroundServerProcess.cs:line 101
   at Hangfire.Server.BackgroundProcessingServer.RunServer(Guid executionId, Object state) in C:\projects\hangfire-525\src\Hangfire.Core\Server\BackgroundProcessingServer.cs:line 249
   at Hangfire.Processing.BackgroundExecution.Run(Action`2 callback, Object state) in C:\projects\hangfire-525\src\Hangfire.Core\Processing\BackgroundExecution.cs:line 118
2026-05-19 10: 29: 40.455 Execution BackgroundServerProcess is still in the Failed state for 07:19:50.1329883 due to an exception, will be retried in no more than 00:00:15
System.InvalidOperationException: Timeout expired.  The timeout period elapsed prior to obtaining a connection from the pool.  This may have occurred because all pooled connections were in use and max pool size was reached.
   at Microsoft.Data.ProviderBase.DbConnectionFactory.TryGetConnection(DbConnection owningConnection, TaskCompletionSource`1 retry, DbConnectionOptions userOptions, DbConnectionInternal oldConnection, DbConnectionInternal& connection)
   at Microsoft.Data.ProviderBase.DbConnectionInternal.TryOpenConnectionInternal(DbConnection outerConnection, DbConnectionFactory connectionFactory, TaskCompletionSource`1 retry, DbConnectionOptions userOptions)
   at Microsoft.Data.SqlClient.SqlConnection.TryOpen(TaskCompletionSource`1 retry, SqlConnectionOverrides overrides)
   at Microsoft.Data.SqlClient.SqlConnection.Open(SqlConnectionOverrides overrides)
   at Hangfire.SqlServer.SqlServerStorage.CreateAndOpenConnection() in C:\projects\hangfire-525\src\Hangfire.SqlServer\SqlServerStorage.cs:line 404
   at Hangfire.SqlServer.SqlServerStorage.UseConnection[TContext,TResult](DbConnection dedicatedConnection, Func`4 func, TContext context) in C:\projects\hangfire-525\src\Hangfire.SqlServer\SqlServerStorage.cs:line 278
   at Hangfire.SqlServer.SqlServerConnection.AnnounceServer(String serverId, ServerContext context) in C:\projects\hangfire-525\src\Hangfire.SqlServer\SqlServerConnection.cs:line 512
   at Hangfire.Server.BackgroundServerProcess.CreateServer(BackgroundServerContext context) in C:\projects\hangfire-525\src\Hangfire.Core\Server\BackgroundServerProcess.cs:line 194
   at Hangfire.Server.BackgroundServerProcess.Execute(Guid executionId, BackgroundExecution execution, CancellationToken stoppingToken, CancellationToken stoppedToken, CancellationToken shutdownToken) in C:\projects\hangfire-525\src\Hangfire.Core\Server\BackgroundServerProcess.cs:line 101
   at Hangfire.Server.BackgroundProcessingServer.RunServer(Guid executionId, Object state) in C:\projects\hangfire-525\src\Hangfire.Core\Server\BackgroundProcessingServer.cs:line 249
   at Hangfire.Processing.BackgroundExecution.Run(Action`2 callback, Object state) in C:\projects\hangfire-525\src\Hangfire.Core\Processing\BackgroundExecution.cs:line 118
2026-05-19 10: 46: 35.459 Execution BackgroundServerProcess is still in the Failed state for 07:36:45.1371406 due to an exception, will be retried in no more than 00:00:15
System.InvalidOperationException: Timeout expired.  The timeout period elapsed prior to obtaining a connection from the pool.  This may have occurred because all pooled connections were in use and max pool size was reached.
   at Microsoft.Data.ProviderBase.DbConnectionFactory.TryGetConnection(DbConnection owningConnection, TaskCompletionSource`1 retry, DbConnectionOptions userOptions, DbConnectionInternal oldConnection, DbConnectionInternal& connection)
   at Microsoft.Data.ProviderBase.DbConnectionInternal.TryOpenConnectionInternal(DbConnection outerConnection, DbConnectionFactory connectionFactory, TaskCompletionSource`1 retry, DbConnectionOptions userOptions)
   at Microsoft.Data.SqlClient.SqlConnection.TryOpen(TaskCompletionSource`1 retry, SqlConnectionOverrides overrides)
   at Microsoft.Data.SqlClient.SqlConnection.Open(SqlConnectionOverrides overrides)
   at Hangfire.SqlServer.SqlServerStorage.CreateAndOpenConnection() in C:\projects\hangfire-525\src\Hangfire.SqlServer\SqlServerStorage.cs:line 404
   at Hangfire.SqlServer.SqlServerStorage.UseConnection[TContext,TResult](DbConnection dedicatedConnection, Func`4 func, TContext context) in C:\projects\hangfire-525\src\Hangfire.SqlServer\SqlServerStorage.cs:line 278
   at Hangfire.SqlServer.SqlServerConnection.AnnounceServer(String serverId, ServerContext context) in C:\projects\hangfire-525\src\Hangfire.SqlServer\SqlServerConnection.cs:line 512
   at Hangfire.Server.BackgroundServerProcess.CreateServer(BackgroundServerContext context) in C:\projects\hangfire-525\src\Hangfire.Core\Server\BackgroundServerProcess.cs:line 194
   at Hangfire.Server.BackgroundServerProcess.Execute(Guid executionId, BackgroundExecution execution, CancellationToken stoppingToken, CancellationToken stoppedToken, CancellationToken shutdownToken) in C:\projects\hangfire-525\src\Hangfire.Core\Server\BackgroundServerProcess.cs:line 101
   at Hangfire.Server.BackgroundProcessingServer.RunServer(Guid executionId, Object state) in C:\projects\hangfire-525\src\Hangfire.Core\Server\BackgroundProcessingServer.cs:line 249
   at Hangfire.Processing.BackgroundExecution.Run(Action`2 callback, Object state) in C:\projects\hangfire-525\src\Hangfire.Core\Processing\BackgroundExecution.cs:line 118
2026-05-19 11: 03: 30.467 Execution BackgroundServerProcess is still in the Failed state for 07:53:40.1460578 due to an exception, will be retried in no more than 00:00:15
System.InvalidOperationException: Timeout expired.  The timeout period elapsed prior to obtaining a connection from the pool.  This may have occurred because all pooled connections were in use and max pool size was reached.
   at Microsoft.Data.ProviderBase.DbConnectionFactory.TryGetConnection(DbConnection owningConnection, TaskCompletionSource`1 retry, DbConnectionOptions userOptions, DbConnectionInternal oldConnection, DbConnectionInternal& connection)
   at Microsoft.Data.ProviderBase.DbConnectionInternal.TryOpenConnectionInternal(DbConnection outerConnection, DbConnectionFactory connectionFactory, TaskCompletionSource`1 retry, DbConnectionOptions userOptions)
   at Microsoft.Data.SqlClient.SqlConnection.TryOpen(TaskCompletionSource`1 retry, SqlConnectionOverrides overrides)
   at Microsoft.Data.SqlClient.SqlConnection.Open(SqlConnectionOverrides overrides)
   at Hangfire.SqlServer.SqlServerStorage.CreateAndOpenConnection() in C:\projects\hangfire-525\src\Hangfire.SqlServer\SqlServerStorage.cs:line 404
   at Hangfire.SqlServer.SqlServerStorage.UseConnection[TContext,TResult](DbConnection dedicatedConnection, Func`4 func, TContext context) in C:\projects\hangfire-525\src\Hangfire.SqlServer\SqlServerStorage.cs:line 278
   at Hangfire.SqlServer.SqlServerConnection.AnnounceServer(String serverId, ServerContext context) in C:\projects\hangfire-525\src\Hangfire.SqlServer\SqlServerConnection.cs:line 512
   at Hangfire.Server.BackgroundServerProcess.CreateServer(BackgroundServerContext context) in C:\projects\hangfire-525\src\Hangfire.Core\Server\BackgroundServerProcess.cs:line 194
   at Hangfire.Server.BackgroundServerProcess.Execute(Guid executionId, BackgroundExecution execution, CancellationToken stoppingToken, CancellationToken stoppedToken, CancellationToken shutdownToken) in C:\projects\hangfire-525\src\Hangfire.Core\Server\BackgroundServerProcess.cs:line 101
   at Hangfire.Server.BackgroundProcessingServer.RunServer(Guid executionId, Object state) in C:\projects\hangfire-525\src\Hangfire.Core\Server\BackgroundProcessingServer.cs:line 249
   at Hangfire.Processing.BackgroundExecution.Run(Action`2 callback, Object state) in C:\projects\hangfire-525\src\Hangfire.Core\Processing\BackgroundExecution.cs:line 118
2026-05-19 11: 20: 25.472 Execution BackgroundServerProcess is still in the Failed state for 08:10:35.1504649 due to an exception, will be retried in no more than 00:00:15
System.InvalidOperationException: Timeout expired.  The timeout period elapsed prior to obtaining a connection from the pool.  This may have occurred because all pooled connections were in use and max pool size was reached.
   at Microsoft.Data.ProviderBase.DbConnectionFactory.TryGetConnection(DbConnection owningConnection, TaskCompletionSource`1 retry, DbConnectionOptions userOptions, DbConnectionInternal oldConnection, DbConnectionInternal& connection)
   at Microsoft.Data.ProviderBase.DbConnectionInternal.TryOpenConnectionInternal(DbConnection outerConnection, DbConnectionFactory connectionFactory, TaskCompletionSource`1 retry, DbConnectionOptions userOptions)
   at Microsoft.Data.SqlClient.SqlConnection.TryOpen(TaskCompletionSource`1 retry, SqlConnectionOverrides overrides)
   at Microsoft.Data.SqlClient.SqlConnection.Open(SqlConnectionOverrides overrides)
   at Hangfire.SqlServer.SqlServerStorage.CreateAndOpenConnection() in C:\projects\hangfire-525\src\Hangfire.SqlServer\SqlServerStorage.cs:line 404
   at Hangfire.SqlServer.SqlServerStorage.UseConnection[TContext,TResult](DbConnection dedicatedConnection, Func`4 func, TContext context) in C:\projects\hangfire-525\src\Hangfire.SqlServer\SqlServerStorage.cs:line 278
   at Hangfire.SqlServer.SqlServerConnection.AnnounceServer(String serverId, ServerContext context) in C:\projects\hangfire-525\src\Hangfire.SqlServer\SqlServerConnection.cs:line 512
   at Hangfire.Server.BackgroundServerProcess.CreateServer(BackgroundServerContext context) in C:\projects\hangfire-525\src\Hangfire.Core\Server\BackgroundServerProcess.cs:line 194
   at Hangfire.Server.BackgroundServerProcess.Execute(Guid executionId, BackgroundExecution execution, CancellationToken stoppingToken, CancellationToken stoppedToken, CancellationToken shutdownToken) in C:\projects\hangfire-525\src\Hangfire.Core\Server\BackgroundServerProcess.cs:line 101
   at Hangfire.Server.BackgroundProcessingServer.RunServer(Guid executionId, Object state) in C:\projects\hangfire-525\src\Hangfire.Core\Server\BackgroundProcessingServer.cs:line 249
   at Hangfire.Processing.BackgroundExecution.Run(Action`2 callback, Object state) in C:\projects\hangfire-525\src\Hangfire.Core\Processing\BackgroundExecution.cs:line 118
2026-05-19 11: 37: 20.478 Execution BackgroundServerProcess is still in the Failed state for 08:27:30.1568225 due to an exception, will be retried in no more than 00:00:15
System.InvalidOperationException: Timeout expired.  The timeout period elapsed prior to obtaining a connection from the pool.  This may have occurred because all pooled connections were in use and max pool size was reached.
   at Microsoft.Data.ProviderBase.DbConnectionFactory.TryGetConnection(DbConnection owningConnection, TaskCompletionSource`1 retry, DbConnectionOptions userOptions, DbConnectionInternal oldConnection, DbConnectionInternal& connection)
   at Microsoft.Data.ProviderBase.DbConnectionInternal.TryOpenConnectionInternal(DbConnection outerConnection, DbConnectionFactory connectionFactory, TaskCompletionSource`1 retry, DbConnectionOptions userOptions)
   at Microsoft.Data.SqlClient.SqlConnection.TryOpen(TaskCompletionSource`1 retry, SqlConnectionOverrides overrides)
   at Microsoft.Data.SqlClient.SqlConnection.Open(SqlConnectionOverrides overrides)
   at Hangfire.SqlServer.SqlServerStorage.CreateAndOpenConnection() in C:\projects\hangfire-525\src\Hangfire.SqlServer\SqlServerStorage.cs:line 404
   at Hangfire.SqlServer.SqlServerStorage.UseConnection[TContext,TResult](DbConnection dedicatedConnection, Func`4 func, TContext context) in C:\projects\hangfire-525\src\Hangfire.SqlServer\SqlServerStorage.cs:line 288
   at Hangfire.SqlServer.SqlServerConnection.AnnounceServer(String serverId, ServerContext context) in C:\projects\hangfire-525\src\Hangfire.SqlServer\SqlServerConnection.cs:line 503
   at Hangfire.Server.BackgroundServerProcess.CreateServer(BackgroundServerContext context) in C:\projects\hangfire-525\src\Hangfire.Core\Server\BackgroundServerProcess.cs:line 201
   at Hangfire.Server.BackgroundServerProcess.Execute(Guid executionId, BackgroundExecution execution, CancellationToken stoppingToken, CancellationToken stoppedToken, CancellationToken shutdownToken) in C:\projects\hangfire-525\src\Hangfire.Core\Server\BackgroundServerProcess.cs:line 127
   at Hangfire.Server.BackgroundProcessingServer.RunServer(Guid executionId, Object state) in C:\projects\hangfire-525\src\Hangfire.Core\Server\BackgroundProcessingServer.cs:line 249
   at Hangfire.Processing.BackgroundExecution.Run(Action`2 callback, Object state) in C:\projects\hangfire-525\src\Hangfire.Core\Processing\BackgroundExecution.cs:line 118
2026-05-19 11: 54: 15.482 Execution BackgroundServerProcess is still in the Failed state for 08:44:25.1608461 due to an exception, will be retried in no more than 00:00:15
System.InvalidOperationException: Timeout expired.  The timeout period elapsed prior to obtaining a connection from the pool.  This may have occurred because all pooled connections were in use and max pool size was reached.
   at Microsoft.Data.ProviderBase.DbConnectionFactory.TryGetConnection(DbConnection owningConnection, TaskCompletionSource`1 retry, DbConnectionOptions userOptions, DbConnectionInternal oldConnection, DbConnectionInternal& connection)
   at Microsoft.Data.ProviderBase.DbConnectionInternal.TryOpenConnectionInternal(DbConnection outerConnection, DbConnectionFactory connectionFactory, TaskCompletionSource`1 retry, DbConnectionOptions userOptions)
   at Microsoft.Data.SqlClient.SqlConnection.TryOpen(TaskCompletionSource`1 retry, SqlConnectionOverrides overrides)
   at Microsoft.Data.SqlClient.SqlConnection.Open(SqlConnectionOverrides overrides)
   at Hangfire.SqlServer.SqlServerStorage.CreateAndOpenConnection() in C:\projects\hangfire-525\src\Hangfire.SqlServer\SqlServerStorage.cs:line 404
   at Hangfire.SqlServer.SqlServerStorage.UseConnection[TContext,TResult](DbConnection dedicatedConnection, Func`4 func, TContext context) in C:\projects\hangfire-525\src\Hangfire.SqlServer\SqlServerStorage.cs:line 288
   at Hangfire.SqlServer.SqlServerConnection.AnnounceServer(String serverId, ServerContext context) in C:\projects\hangfire-525\src\Hangfire.SqlServer\SqlServerConnection.cs:line 503
   at Hangfire.Server.BackgroundServerProcess.CreateServer(BackgroundServerContext context) in C:\projects\hangfire-525\src\Hangfire.Core\Server\BackgroundServerProcess.cs:line 201
   at Hangfire.Server.BackgroundServerProcess.Execute(Guid executionId, BackgroundExecution execution, CancellationToken stoppingToken, CancellationToken stoppedToken, CancellationToken shutdownToken) in C:\projects\hangfire-525\src\Hangfire.Core\Server\BackgroundServerProcess.cs:line 127
   at Hangfire.Server.BackgroundProcessingServer.RunServer(Guid executionId, Object state) in C:\projects\hangfire-525\src\Hangfire.Core\Server\BackgroundProcessingServer.cs:line 249
   at Hangfire.Processing.BackgroundExecution.Run(Action`2 callback, Object state) in C:\projects\hangfire-525\src\Hangfire.Core\Processing\BackgroundExecution.cs:line 118
2026-05-19 12: 11: 10.485 Execution BackgroundServerProcess is still in the Failed state for 09:01:20.1638980 due to an exception, will be retried in no more than 00:00:15
System.InvalidOperationException: Timeout expired.  The timeout period elapsed prior to obtaining a connection from the pool.  This may have occurred because all pooled connections were in use and max pool size was reached.
   at Microsoft.Data.ProviderBase.DbConnectionFactory.TryGetConnection(DbConnection owningConnection, TaskCompletionSource`1 retry, DbConnectionOptions userOptions, DbConnectionInternal oldConnection, DbConnectionInternal& connection)
   at Microsoft.Data.ProviderBase.DbConnectionInternal.TryOpenConnectionInternal(DbConnection outerConnection, DbConnectionFactory connectionFactory, TaskCompletionSource`1 retry, DbConnectionOptions userOptions)
   at Microsoft.Data.SqlClient.SqlConnection.TryOpen(TaskCompletionSource`1 retry, SqlConnectionOverrides overrides)
   at Microsoft.Data.SqlClient.SqlConnection.Open(SqlConnectionOverrides overrides)
   at Hangfire.SqlServer.SqlServerStorage.CreateAndOpenConnection() in C:\projects\hangfire-525\src\Hangfire.SqlServer\SqlServerStorage.cs:line 404
   at Hangfire.SqlServer.SqlServerStorage.UseConnection[TContext,TResult](DbConnection dedicatedConnection, Func`4 func, TContext context) in C:\projects\hangfire-525\src\Hangfire.SqlServer\SqlServerStorage.cs:line 288
   at Hangfire.SqlServer.SqlServerConnection.AnnounceServer(String serverId, ServerContext context) in C:\projects\hangfire-525\src\Hangfire.SqlServer\SqlServerConnection.cs:line 503
   at Hangfire.Server.BackgroundServerProcess.CreateServer(BackgroundServerContext context) in C:\projects\hangfire-525\src\Hangfire.Core\Server\BackgroundServerProcess.cs:line 201
   at Hangfire.Server.BackgroundServerProcess.Execute(Guid executionId, BackgroundExecution execution, CancellationToken stoppingToken, CancellationToken stoppedToken, CancellationToken shutdownToken) in C:\projects\hangfire-525\src\Hangfire.Core\Server\BackgroundServerProcess.cs:line 127
   at Hangfire.Server.BackgroundProcessingServer.RunServer(Guid executionId, Object state) in C:\projects\hangfire-525\src\Hangfire.Core\Server\BackgroundProcessingServer.cs:line 249
   at Hangfire.Processing.BackgroundExecution.Run(Action`2 callback, Object state) in C:\projects\hangfire-525\src\Hangfire.Core\Processing\BackgroundExecution.cs:line 118
2026-05-19 12: 28: 05.489 Execution BackgroundServerProcess is still in the Failed state for 09:18:15.1674392 due to an exception, will be retried in no more than 00:00:15
System.InvalidOperationException: Timeout expired.  The timeout period elapsed prior to obtaining a connection from the pool.  This may have occurred because all pooled connections were in use and max pool size was reached.
   at Microsoft.Data.ProviderBase.DbConnectionFactory.TryGetConnection(DbConnection owningConnection, TaskCompletionSource`1 retry, DbConnectionOptions userOptions, DbConnectionInternal oldConnection, DbConnectionInternal& connection)
   at Microsoft.Data.ProviderBase.DbConnectionInternal.TryOpenConnectionInternal(DbConnection outerConnection, DbConnectionFactory connectionFactory, TaskCompletionSource`1 retry, DbConnectionOptions userOptions)
   at Microsoft.Data.SqlClient.SqlConnection.TryOpen(TaskCompletionSource`1 retry, SqlConnectionOverrides overrides)
   at Microsoft.Data.SqlClient.SqlConnection.Open(SqlConnectionOverrides overrides)
   at Hangfire.SqlServer.SqlServerStorage.CreateAndOpenConnection() in C:\projects\hangfire-525\src\Hangfire.SqlServer\SqlServerStorage.cs:line 404
   at Hangfire.SqlServer.SqlServerStorage.UseConnection[TContext,TResult](DbConnection dedicatedConnection, Func`4 func, TContext context) in C:\projects\hangfire-525\src\Hangfire.SqlServer\SqlServerStorage.cs:line 288
   at Hangfire.SqlServer.SqlServerConnection.AnnounceServer(String serverId, ServerContext context) in C:\projects\hangfire-525\src\Hangfire.SqlServer\SqlServerConnection.cs:line 503
   at Hangfire.Server.BackgroundServerProcess.CreateServer(BackgroundServerContext context) in C:\projects\hangfire-525\src\Hangfire.Core\Server\BackgroundServerProcess.cs:line 201
   at Hangfire.Server.BackgroundServerProcess.Execute(Guid executionId, BackgroundExecution execution, CancellationToken stoppingToken, CancellationToken stoppedToken, CancellationToken shutdownToken) in C:\projects\hangfire-525\src\Hangfire.Core\Server\BackgroundServerProcess.cs:line 127
   at Hangfire.Server.BackgroundProcessingServer.RunServer(Guid executionId, Object state) in C:\projects\hangfire-525\src\Hangfire.Core\Server\BackgroundProcessingServer.cs:line 249
   at Hangfire.Processing.BackgroundExecution.Run(Action`2 callback, Object state) in C:\projects\hangfire-525\src\Hangfire.Core\Processing\BackgroundExecution.cs:line 118
2026-05-19 12: 45: 00.491 Execution BackgroundServerProcess is still in the Failed state for 09:35:10.1703297 due to an exception, will be retried in no more than 00:00:15
System.InvalidOperationException: Timeout expired.  The timeout period elapsed prior to obtaining a connection from the pool.  This may have occurred because all pooled connections were in use and max pool size was reached.
   at Microsoft.Data.ProviderBase.DbConnectionFactory.TryGetConnection(DbConnection owningConnection, TaskCompletionSource`1 retry, DbConnectionOptions userOptions, DbConnectionInternal oldConnection, DbConnectionInternal& connection)
   at Microsoft.Data.ProviderBase.DbConnectionInternal.TryOpenConnectionInternal(DbConnection outerConnection, DbConnectionFactory connectionFactory, TaskCompletionSource`1 retry, DbConnectionOptions userOptions)
   at Microsoft.Data.SqlClient.SqlConnection.TryOpen(TaskCompletionSource`1 retry, SqlConnectionOverrides overrides)
   at Microsoft.Data.SqlClient.SqlConnection.Open(SqlConnectionOverrides overrides)
   at Hangfire.SqlServer.SqlServerStorage.CreateAndOpenConnection() in C:\projects\hangfire-525\src\Hangfire.SqlServer\SqlServerStorage.cs:line 404
   at Hangfire.SqlServer.SqlServerStorage.UseConnection[TContext,TResult](DbConnection dedicatedConnection, Func`4 func, TContext context) in C:\projects\hangfire-525\src\Hangfire.SqlServer\SqlServerStorage.cs:line 288
   at Hangfire.SqlServer.SqlServerConnection.AnnounceServer(String serverId, ServerContext context) in C:\projects\hangfire-525\src\Hangfire.SqlServer\SqlServerConnection.cs:line 503
   at Hangfire.Server.BackgroundServerProcess.CreateServer(BackgroundServerContext context) in C:\projects\hangfire-525\src\Hangfire.Core\Server\BackgroundServerProcess.cs:line 201
   at Hangfire.Server.BackgroundServerProcess.Execute(Guid executionId, BackgroundExecution execution, CancellationToken stoppingToken, CancellationToken stoppedToken, CancellationToken shutdownToken) in C:\projects\hangfire-525\src\Hangfire.Core\Server\BackgroundServerProcess.cs:line 127
   at Hangfire.Server.BackgroundProcessingServer.RunServer(Guid executionId, Object state) in C:\projects\hangfire-525\src\Hangfire.Core\Server\BackgroundProcessingServer.cs:line 249
   at Hangfire.Processing.BackgroundExecution.Run(Action`2 callback, Object state) in C:\projects\hangfire-525\src\Hangfire.Core\Processing\BackgroundExecution.cs:line 118
2026-05-19 12: 51: 59.250 Create request with Correlation_ID: 8e4e2862-cdd1-4d4d-9aa8-52a39fdfc9e0
2026-05-19 12: 51: 59.572 Received response with Correlation_ID: 8e4e2862-cdd1-4d4d-9aa8-52a39fdfc9e0
2026-05-19 13: 01: 55.495 Execution BackgroundServerProcess is still in the Failed state for 09:52:05.1739101 due to an exception, will be retried in no more than 00:00:15
System.InvalidOperationException: Timeout expired.  The timeout period elapsed prior to obtaining a connection from the pool.  This may have occurred because all pooled connections were in use and max pool size was reached.
   at Microsoft.Data.ProviderBase.DbConnectionFactory.TryGetConnection(DbConnection owningConnection, TaskCompletionSource`1 retry, DbConnectionOptions userOptions, DbConnectionInternal oldConnection, DbConnectionInternal& connection)
   at Microsoft.Data.ProviderBase.DbConnectionInternal.TryOpenConnectionInternal(DbConnection outerConnection, DbConnectionFactory connectionFactory, TaskCompletionSource`1 retry, DbConnectionOptions userOptions)
   at Microsoft.Data.SqlClient.SqlConnection.TryOpen(TaskCompletionSource`1 retry, SqlConnectionOverrides overrides)
   at Microsoft.Data.SqlClient.SqlConnection.Open(SqlConnectionOverrides overrides)
   at Hangfire.SqlServer.SqlServerStorage.CreateAndOpenConnection() in C:\projects\hangfire-525\src\Hangfire.SqlServer\SqlServerStorage.cs:line 404
   at Hangfire.SqlServer.SqlServerStorage.UseConnection[TContext,TResult](DbConnection dedicatedConnection, Func`4 func, TContext context) in C:\projects\hangfire-525\src\Hangfire.SqlServer\SqlServerStorage.cs:line 288
   at Hangfire.SqlServer.SqlServerConnection.AnnounceServer(String serverId, ServerContext context) in C:\projects\hangfire-525\src\Hangfire.SqlServer\SqlServerConnection.cs:line 503
   at Hangfire.Server.BackgroundServerProcess.CreateServer(BackgroundServerContext context) in C:\projects\hangfire-525\src\Hangfire.Core\Server\BackgroundServerProcess.cs:line 201
   at Hangfire.Server.BackgroundServerProcess.Execute(Guid executionId, BackgroundExecution execution, CancellationToken stoppingToken, CancellationToken stoppedToken, CancellationToken shutdownToken) in C:\projects\hangfire-525\src\Hangfire.Core\Server\BackgroundServerProcess.cs:line 127
   at Hangfire.Server.BackgroundProcessingServer.RunServer(Guid executionId, Object state) in C:\projects\hangfire-525\src\Hangfire.Core\Server\BackgroundProcessingServer.cs:line 249
   at Hangfire.Processing.BackgroundExecution.Run(Action`2 callback, Object state) in C:\projects\hangfire-525\src\Hangfire.Core\Processing\BackgroundExecution.cs:line 118
2026-05-19 13: 18: 50.498 Execution BackgroundServerProcess is still in the Failed state for 10:09:00.1766651 due to an exception, will be retried in no more than 00:00:15
System.InvalidOperationException: Timeout expired.  The timeout period elapsed prior to obtaining a connection from the pool.  This may have occurred because all pooled connections were in use and max pool size was reached.
   at Microsoft.Data.ProviderBase.DbConnectionFactory.TryGetConnection(DbConnection owningConnection, TaskCompletionSource`1 retry, DbConnectionOptions userOptions, DbConnectionInternal oldConnection, DbConnectionInternal& connection)
   at Microsoft.Data.ProviderBase.DbConnectionInternal.TryOpenConnectionInternal(DbConnection outerConnection, DbConnectionFactory connectionFactory, TaskCompletionSource`1 retry, DbConnectionOptions userOptions)
   at Microsoft.Data.SqlClient.SqlConnection.TryOpen(TaskCompletionSource`1 retry, SqlConnectionOverrides overrides)
   at Microsoft.Data.SqlClient.SqlConnection.Open(SqlConnectionOverrides overrides)
   at Hangfire.SqlServer.SqlServerStorage.CreateAndOpenConnection() in C:\projects\hangfire-525\src\Hangfire.SqlServer\SqlServerStorage.cs:line 404
   at Hangfire.SqlServer.SqlServerStorage.UseConnection[TContext,TResult](DbConnection dedicatedConnection, Func`4 func, TContext context) in C:\projects\hangfire-525\src\Hangfire.SqlServer\SqlServerStorage.cs:line 288
   at Hangfire.SqlServer.SqlServerConnection.AnnounceServer(String serverId, ServerContext context) in C:\projects\hangfire-525\src\Hangfire.SqlServer\SqlServerConnection.cs:line 503
   at Hangfire.Server.BackgroundServerProcess.CreateServer(BackgroundServerContext context) in C:\projects\hangfire-525\src\Hangfire.Core\Server\BackgroundServerProcess.cs:line 201
   at Hangfire.Server.BackgroundServerProcess.Execute(Guid executionId, BackgroundExecution execution, CancellationToken stoppingToken, CancellationToken stoppedToken, CancellationToken shutdownToken) in C:\projects\hangfire-525\src\Hangfire.Core\Server\BackgroundServerProcess.cs:line 127
   at Hangfire.Server.BackgroundProcessingServer.RunServer(Guid executionId, Object state) in C:\projects\hangfire-525\src\Hangfire.Core\Server\BackgroundProcessingServer.cs:line 249
   at Hangfire.Processing.BackgroundExecution.Run(Action`2 callback, Object state) in C:\projects\hangfire-525\src\Hangfire.Core\Processing\BackgroundExecution.cs:line 118
2026-05-19 13: 35: 45.501 Execution BackgroundServerProcess is still in the Failed state for 10:25:55.1798975 due to an exception, will be retried in no more than 00:00:15
System.InvalidOperationException: Timeout expired.  The timeout period elapsed prior to obtaining a connection from the pool.  This may have occurred because all pooled connections were in use and max pool size was reached.
   at Microsoft.Data.ProviderBase.DbConnectionFactory.TryGetConnection(DbConnection owningConnection, TaskCompletionSource`1 retry, DbConnectionOptions userOptions, DbConnectionInternal oldConnection, DbConnectionInternal& connection)
   at Microsoft.Data.ProviderBase.DbConnectionInternal.TryOpenConnectionInternal(DbConnection outerConnection, DbConnectionFactory connectionFactory, TaskCompletionSource`1 retry, DbConnectionOptions userOptions)
   at Microsoft.Data.SqlClient.SqlConnection.TryOpen(TaskCompletionSource`1 retry, SqlConnectionOverrides overrides)
   at Microsoft.Data.SqlClient.SqlConnection.Open(SqlConnectionOverrides overrides)
   at Hangfire.SqlServer.SqlServerStorage.CreateAndOpenConnection() in C:\projects\hangfire-525\src\Hangfire.SqlServer\SqlServerStorage.cs:line 404
   at Hangfire.SqlServer.SqlServerStorage.UseConnection[TContext,TResult](DbConnection dedicatedConnection, Func`4 func, TContext context) in C:\projects\hangfire-525\src\Hangfire.SqlServer\SqlServerStorage.cs:line 288
   at Hangfire.SqlServer.SqlServerConnection.AnnounceServer(String serverId, ServerContext context) in C:\projects\hangfire-525\src\Hangfire.SqlServer\SqlServerConnection.cs:line 503
   at Hangfire.Server.BackgroundServerProcess.CreateServer(BackgroundServerContext context) in C:\projects\hangfire-525\src\Hangfire.Core\Server\BackgroundServerProcess.cs:line 201
   at Hangfire.Server.BackgroundServerProcess.Execute(Guid executionId, BackgroundExecution execution, CancellationToken stoppingToken, CancellationToken stoppedToken, CancellationToken shutdownToken) in C:\projects\hangfire-525\src\Hangfire.Core\Server\BackgroundServerProcess.cs:line 127
   at Hangfire.Server.BackgroundProcessingServer.RunServer(Guid executionId, Object state) in C:\projects\hangfire-525\src\Hangfire.Core\Server\BackgroundProcessingServer.cs:line 249
   at Hangfire.Processing.BackgroundExecution.Run(Action`2 callback, Object state) in C:\projects\hangfire-525\src\Hangfire.Core\Processing\BackgroundExecution.cs:line 118
2026-05-19 13: 52: 40.503 Execution BackgroundServerProcess is still in the Failed state for 10:42:50.1823766 due to an exception, will be retried in no more than 00:00:15
System.InvalidOperationException: Timeout expired.  The timeout period elapsed prior to obtaining a connection from the pool.  This may have occurred because all pooled connections were in use and max pool size was reached.
   at Microsoft.Data.ProviderBase.DbConnectionFactory.TryGetConnection(DbConnection owningConnection, TaskCompletionSource`1 retry, DbConnectionOptions userOptions, DbConnectionInternal oldConnection, DbConnectionInternal& connection)
   at Microsoft.Data.ProviderBase.DbConnectionInternal.TryOpenConnectionInternal(DbConnection outerConnection, DbConnectionFactory connectionFactory, TaskCompletionSource`1 retry, DbConnectionOptions userOptions)
   at Microsoft.Data.SqlClient.SqlConnection.TryOpen(TaskCompletionSource`1 retry, SqlConnectionOverrides overrides)
   at Microsoft.Data.SqlClient.SqlConnection.Open(SqlConnectionOverrides overrides)
   at Hangfire.SqlServer.SqlServerStorage.CreateAndOpenConnection() in C:\projects\hangfire-525\src\Hangfire.SqlServer\SqlServerStorage.cs:line 404
   at Hangfire.SqlServer.SqlServerStorage.UseConnection[TContext,TResult](DbConnection dedicatedConnection, Func`4 func, TContext context) in C:\projects\hangfire-525\src\Hangfire.SqlServer\SqlServerStorage.cs:line 288
   at Hangfire.SqlServer.SqlServerConnection.AnnounceServer(String serverId, ServerContext context) in C:\projects\hangfire-525\src\Hangfire.SqlServer\SqlServerConnection.cs:line 503
   at Hangfire.Server.BackgroundServerProcess.CreateServer(BackgroundServerContext context) in C:\projects\hangfire-525\src\Hangfire.Core\Server\BackgroundServerProcess.cs:line 201
   at Hangfire.Server.BackgroundServerProcess.Execute(Guid executionId, BackgroundExecution execution, CancellationToken stoppingToken, CancellationToken stoppedToken, CancellationToken shutdownToken) in C:\projects\hangfire-525\src\Hangfire.Core\Server\BackgroundServerProcess.cs:line 127
   at Hangfire.Server.BackgroundProcessingServer.RunServer(Guid executionId, Object state) in C:\projects\hangfire-525\src\Hangfire.Core\Server\BackgroundProcessingServer.cs:line 249
   at Hangfire.Processing.BackgroundExecution.Run(Action`2 callback, Object state) in C:\projects\hangfire-525\src\Hangfire.Core\Processing\BackgroundExecution.cs:line 118
2026-05-19 14: 09: 35.506 Execution BackgroundServerProcess is still in the Failed state for 10:59:45.1852633 due to an exception, will be retried in no more than 00:00:15
System.InvalidOperationException: Timeout expired.  The timeout period elapsed prior to obtaining a connection from the pool.  This may have occurred because all pooled connections were in use and max pool size was reached.
   at Microsoft.Data.ProviderBase.DbConnectionFactory.TryGetConnection(DbConnection owningConnection, TaskCompletionSource`1 retry, DbConnectionOptions userOptions, DbConnectionInternal oldConnection, DbConnectionInternal& connection)
   at Microsoft.Data.ProviderBase.DbConnectionInternal.TryOpenConnectionInternal(DbConnection outerConnection, DbConnectionFactory connectionFactory, TaskCompletionSource`1 retry, DbConnectionOptions userOptions)
   at Microsoft.Data.SqlClient.SqlConnection.TryOpen(TaskCompletionSource`1 retry, SqlConnectionOverrides overrides)
   at Microsoft.Data.SqlClient.SqlConnection.Open(SqlConnectionOverrides overrides)
   at Hangfire.SqlServer.SqlServerStorage.CreateAndOpenConnection() in C:\projects\hangfire-525\src\Hangfire.SqlServer\SqlServerStorage.cs:line 404
   at Hangfire.SqlServer.SqlServerStorage.UseConnection[TContext,TResult](DbConnection dedicatedConnection, Func`4 func, TContext context) in C:\projects\hangfire-525\src\Hangfire.SqlServer\SqlServerStorage.cs:line 288
   at Hangfire.SqlServer.SqlServerConnection.AnnounceServer(String serverId, ServerContext context) in C:\projects\hangfire-525\src\Hangfire.SqlServer\SqlServerConnection.cs:line 503
   at Hangfire.Server.BackgroundServerProcess.CreateServer(BackgroundServerContext context) in C:\projects\hangfire-525\src\Hangfire.Core\Server\BackgroundServerProcess.cs:line 201
   at Hangfire.Server.BackgroundServerProcess.Execute(Guid executionId, BackgroundExecution execution, CancellationToken stoppingToken, CancellationToken stoppedToken, CancellationToken shutdownToken) in C:\projects\hangfire-525\src\Hangfire.Core\Server\BackgroundServerProcess.cs:line 127
   at Hangfire.Server.BackgroundProcessingServer.RunServer(Guid executionId, Object state) in C:\projects\hangfire-525\src\Hangfire.Core\Server\BackgroundProcessingServer.cs:line 249
   at Hangfire.Processing.BackgroundExecution.Run(Action`2 callback, Object state) in C:\projects\hangfire-525\src\Hangfire.Core\Processing\BackgroundExecution.cs:line 118
2026-05-19 14: 26: 30.510 Execution BackgroundServerProcess is still in the Failed state for 11:16:40.1888916 due to an exception, will be retried in no more than 00:00:15
System.InvalidOperationException: Timeout expired.  The timeout period elapsed prior to obtaining a connection from the pool.  This may have occurred because all pooled connections were in use and max pool size was reached.
   at Microsoft.Data.ProviderBase.DbConnectionFactory.TryGetConnection(DbConnection owningConnection, TaskCompletionSource`1 retry, DbConnectionOptions userOptions, DbConnectionInternal oldConnection, DbConnectionInternal& connection)
   at Microsoft.Data.ProviderBase.DbConnectionInternal.TryOpenConnectionInternal(DbConnection outerConnection, DbConnectionFactory connectionFactory, TaskCompletionSource`1 retry, DbConnectionOptions userOptions)
   at Microsoft.Data.SqlClient.SqlConnection.TryOpen(TaskCompletionSource`1 retry, SqlConnectionOverrides overrides)
   at Microsoft.Data.SqlClient.SqlConnection.Open(SqlConnectionOverrides overrides)
   at Hangfire.SqlServer.SqlServerStorage.CreateAndOpenConnection() in C:\projects\hangfire-525\src\Hangfire.SqlServer\SqlServerStorage.cs:line 404
   at Hangfire.SqlServer.SqlServerStorage.UseConnection[TContext,TResult](DbConnection dedicatedConnection, Func`4 func, TContext context) in C:\projects\hangfire-525\src\Hangfire.SqlServer\SqlServerStorage.cs:line 288
   at Hangfire.SqlServer.SqlServerConnection.AnnounceServer(String serverId, ServerContext context) in C:\projects\hangfire-525\src\Hangfire.SqlServer\SqlServerConnection.cs:line 503
   at Hangfire.Server.BackgroundServerProcess.CreateServer(BackgroundServerContext context) in C:\projects\hangfire-525\src\Hangfire.Core\Server\BackgroundServerProcess.cs:line 201
   at Hangfire.Server.BackgroundServerProcess.Execute(Guid executionId, BackgroundExecution execution, CancellationToken stoppingToken, CancellationToken stoppedToken, CancellationToken shutdownToken) in C:\projects\hangfire-525\src\Hangfire.Core\Server\BackgroundServerProcess.cs:line 127
   at Hangfire.Server.BackgroundProcessingServer.RunServer(Guid executionId, Object state) in C:\projects\hangfire-525\src\Hangfire.Core\Server\BackgroundProcessingServer.cs:line 249
   at Hangfire.Processing.BackgroundExecution.Run(Action`2 callback, Object state) in C:\projects\hangfire-525\src\Hangfire.Core\Processing\BackgroundExecution.cs:line 118
2026-05-19 14: 43: 25.514 Execution BackgroundServerProcess is still in the Failed state for 11:33:35.1929015 due to an exception, will be retried in no more than 00:00:15
System.InvalidOperationException: Timeout expired.  The timeout period elapsed prior to obtaining a connection from the pool.  This may have occurred because all pooled connections were in use and max pool size was reached.
   at Microsoft.Data.ProviderBase.DbConnectionFactory.TryGetConnection(DbConnection owningConnection, TaskCompletionSource`1 retry, DbConnectionOptions userOptions, DbConnectionInternal oldConnection, DbConnectionInternal& connection)
   at Microsoft.Data.ProviderBase.DbConnectionInternal.TryOpenConnectionInternal(DbConnection outerConnection, DbConnectionFactory connectionFactory, TaskCompletionSource`1 retry, DbConnectionOptions userOptions)
   at Microsoft.Data.SqlClient.SqlConnection.TryOpen(TaskCompletionSource`1 retry, SqlConnectionOverrides overrides)
   at Microsoft.Data.SqlClient.SqlConnection.Open(SqlConnectionOverrides overrides)
   at Hangfire.SqlServer.SqlServerStorage.CreateAndOpenConnection() in C:\projects\hangfire-525\src\Hangfire.SqlServer\SqlServerStorage.cs:line 404
   at Hangfire.SqlServer.SqlServerStorage.UseConnection[TContext,TResult](DbConnection dedicatedConnection, Func`4 func, TContext context) in C:\projects\hangfire-525\src\Hangfire.SqlServer\SqlServerStorage.cs:line 288
   at Hangfire.SqlServer.SqlServerConnection.AnnounceServer(String serverId, ServerContext context) in C:\projects\hangfire-525\src\Hangfire.SqlServer\SqlServerConnection.cs:line 503
   at Hangfire.Server.BackgroundServerProcess.CreateServer(BackgroundServerContext context) in C:\projects\hangfire-525\src\Hangfire.Core\Server\BackgroundServerProcess.cs:line 201
   at Hangfire.Server.BackgroundServerProcess.Execute(Guid executionId, BackgroundExecution execution, CancellationToken stoppingToken, CancellationToken stoppedToken, CancellationToken shutdownToken) in C:\projects\hangfire-525\src\Hangfire.Core\Server\BackgroundServerProcess.cs:line 127
   at Hangfire.Server.BackgroundProcessingServer.RunServer(Guid executionId, Object state) in C:\projects\hangfire-525\src\Hangfire.Core\Server\BackgroundProcessingServer.cs:line 249
   at Hangfire.Processing.BackgroundExecution.Run(Action`2 callback, Object state) in C:\projects\hangfire-525\src\Hangfire.Core\Processing\BackgroundExecution.cs:line 118
2026-05-19 15: 00: 20.520 Execution BackgroundServerProcess is still in the Failed state for 11:50:30.1982900 due to an exception, will be retried in no more than 00:00:15
System.InvalidOperationException: Timeout expired.  The timeout period elapsed prior to obtaining a connection from the pool.  This may have occurred because all pooled connections were in use and max pool size was reached.
   at Microsoft.Data.ProviderBase.DbConnectionFactory.TryGetConnection(DbConnection owningConnection, TaskCompletionSource`1 retry, DbConnectionOptions userOptions, DbConnectionInternal oldConnection, DbConnectionInternal& connection)
   at Microsoft.Data.ProviderBase.DbConnectionInternal.TryOpenConnectionInternal(DbConnection outerConnection, DbConnectionFactory connectionFactory, TaskCompletionSource`1 retry, DbConnectionOptions userOptions)
   at Microsoft.Data.SqlClient.SqlConnection.TryOpen(TaskCompletionSource`1 retry, SqlConnectionOverrides overrides)
   at Microsoft.Data.SqlClient.SqlConnection.Open(SqlConnectionOverrides overrides)
   at Hangfire.SqlServer.SqlServerStorage.CreateAndOpenConnection() in C:\projects\hangfire-525\src\Hangfire.SqlServer\SqlServerStorage.cs:line 404
   at Hangfire.SqlServer.SqlServerStorage.UseConnection[TContext,TResult](DbConnection dedicatedConnection, Func`4 func, TContext context) in C:\projects\hangfire-525\src\Hangfire.SqlServer\SqlServerStorage.cs:line 288
   at Hangfire.SqlServer.SqlServerConnection.AnnounceServer(String serverId, ServerContext context) in C:\projects\hangfire-525\src\Hangfire.SqlServer\SqlServerConnection.cs:line 503
   at Hangfire.Server.BackgroundServerProcess.CreateServer(BackgroundServerContext context) in C:\projects\hangfire-525\src\Hangfire.Core\Server\BackgroundServerProcess.cs:line 201
   at Hangfire.Server.BackgroundServerProcess.Execute(Guid executionId, BackgroundExecution execution, CancellationToken stoppingToken, CancellationToken stoppedToken, CancellationToken shutdownToken) in C:\projects\hangfire-525\src\Hangfire.Core\Server\BackgroundServerProcess.cs:line 127
   at Hangfire.Server.BackgroundProcessingServer.RunServer(Guid executionId, Object state) in C:\projects\hangfire-525\src\Hangfire.Core\Server\BackgroundProcessingServer.cs:line 249
   at Hangfire.Processing.BackgroundExecution.Run(Action`2 callback, Object state) in C:\projects\hangfire-525\src\Hangfire.Core\Processing\BackgroundExecution.cs:line 118
2026-05-19 15: 17: 15.523 Execution BackgroundServerProcess is still in the Failed state for 12:07:25.2023852 due to an exception, will be retried in no more than 00:00:15
System.InvalidOperationException: Timeout expired.  The timeout period elapsed prior to obtaining a connection from the pool.  This may have occurred because all pooled connections were in use and max pool size was reached.
   at Microsoft.Data.ProviderBase.DbConnectionFactory.TryGetConnection(DbConnection owningConnection, TaskCompletionSource`1 retry, DbConnectionOptions userOptions, DbConnectionInternal oldConnection, DbConnectionInternal& connection)
   at Microsoft.Data.ProviderBase.DbConnectionInternal.TryOpenConnectionInternal(DbConnection outerConnection, DbConnectionFactory connectionFactory, TaskCompletionSource`1 retry, DbConnectionOptions userOptions)
   at Microsoft.Data.SqlClient.SqlConnection.TryOpen(TaskCompletionSource`1 retry, SqlConnectionOverrides overrides)
   at Microsoft.Data.SqlClient.SqlConnection.Open(SqlConnectionOverrides overrides)
   at Hangfire.SqlServer.SqlServerStorage.CreateAndOpenConnection() in C:\projects\hangfire-525\src\Hangfire.SqlServer\SqlServerStorage.cs:line 404
   at Hangfire.SqlServer.SqlServerStorage.UseConnection[TContext,TResult](DbConnection dedicatedConnection, Func`4 func, TContext context) in C:\projects\hangfire-525\src\Hangfire.SqlServer\SqlServerStorage.cs:line 288
   at Hangfire.SqlServer.SqlServerConnection.AnnounceServer(String serverId, ServerContext context) in C:\projects\hangfire-525\src\Hangfire.SqlServer\SqlServerConnection.cs:line 503
   at Hangfire.Server.BackgroundServerProcess.CreateServer(BackgroundServerContext context) in C:\projects\hangfire-525\src\Hangfire.Core\Server\BackgroundServerProcess.cs:line 201
   at Hangfire.Server.BackgroundServerProcess.Execute(Guid executionId, BackgroundExecution execution, CancellationToken stoppingToken, CancellationToken stoppedToken, CancellationToken shutdownToken) in C:\projects\hangfire-525\src\Hangfire.Core\Server\BackgroundServerProcess.cs:line 127
   at Hangfire.Server.BackgroundProcessingServer.RunServer(Guid executionId, Object state) in C:\projects\hangfire-525\src\Hangfire.Core\Server\BackgroundProcessingServer.cs:line 249
   at Hangfire.Processing.BackgroundExecution.Run(Action`2 callback, Object state) in C:\projects\hangfire-525\src\Hangfire.Core\Processing\BackgroundExecution.cs:line 118
2026-05-19 15: 34: 10.527 Execution BackgroundServerProcess is still in the Failed state for 12:24:20.2056494 due to an exception, will be retried in no more than 00:00:15
System.InvalidOperationException: Timeout expired.  The timeout period elapsed prior to obtaining a connection from the pool.  This may have occurred because all pooled connections were in use and max pool size was reached.
   at Microsoft.Data.ProviderBase.DbConnectionFactory.TryGetConnection(DbConnection owningConnection, TaskCompletionSource`1 retry, DbConnectionOptions userOptions, DbConnectionInternal oldConnection, DbConnectionInternal& connection)
   at Microsoft.Data.ProviderBase.DbConnectionInternal.TryOpenConnectionInternal(DbConnection outerConnection, DbConnectionFactory connectionFactory, TaskCompletionSource`1 retry, DbConnectionOptions userOptions)
   at Microsoft.Data.SqlClient.SqlConnection.TryOpen(TaskCompletionSource`1 retry, SqlConnectionOverrides overrides)
   at Microsoft.Data.SqlClient.SqlConnection.Open(SqlConnectionOverrides overrides)
   at Hangfire.SqlServer.SqlServerStorage.CreateAndOpenConnection() in C:\projects\hangfire-525\src\Hangfire.SqlServer\SqlServerStorage.cs:line 404
   at Hangfire.SqlServer.SqlServerStorage.UseConnection[TContext,TResult](DbConnection dedicatedConnection, Func`4 func, TContext context) in C:\projects\hangfire-525\src\Hangfire.SqlServer\SqlServerStorage.cs:line 288
   at Hangfire.SqlServer.SqlServerConnection.AnnounceServer(String serverId, ServerContext context) in C:\projects\hangfire-525\src\Hangfire.SqlServer\SqlServerConnection.cs:line 503
   at Hangfire.Server.BackgroundServerProcess.CreateServer(BackgroundServerContext context) in C:\projects\hangfire-525\src\Hangfire.Core\Server\BackgroundServerProcess.cs:line 201
   at Hangfire.Server.BackgroundServerProcess.Execute(Guid executionId, BackgroundExecution execution, CancellationToken stoppingToken, CancellationToken stoppedToken, CancellationToken shutdownToken) in C:\projects\hangfire-525\src\Hangfire.Core\Server\BackgroundServerProcess.cs:line 127
   at Hangfire.Server.BackgroundProcessingServer.RunServer(Guid executionId, Object state) in C:\projects\hangfire-525\src\Hangfire.Core\Server\BackgroundProcessingServer.cs:line 249
   at Hangfire.Processing.BackgroundExecution.Run(Action`2 callback, Object state) in C:\projects\hangfire-525\src\Hangfire.Core\Processing\BackgroundExecution.cs:line 118
2026-05-19 15: 51: 05.530 Execution BackgroundServerProcess is still in the Failed state for 12:41:15.2092277 due to an exception, will be retried in no more than 00:00:15
System.InvalidOperationException: Timeout expired.  The timeout period elapsed prior to obtaining a connection from the pool.  This may have occurred because all pooled connections were in use and max pool size was reached.
   at Microsoft.Data.ProviderBase.DbConnectionFactory.TryGetConnection(DbConnection owningConnection, TaskCompletionSource`1 retry, DbConnectionOptions userOptions, DbConnectionInternal oldConnection, DbConnectionInternal& connection)
   at Microsoft.Data.ProviderBase.DbConnectionInternal.TryOpenConnectionInternal(DbConnection outerConnection, DbConnectionFactory connectionFactory, TaskCompletionSource`1 retry, DbConnectionOptions userOptions)
   at Microsoft.Data.SqlClient.SqlConnection.TryOpen(TaskCompletionSource`1 retry, SqlConnectionOverrides overrides)
   at Microsoft.Data.SqlClient.SqlConnection.Open(SqlConnectionOverrides overrides)
   at Hangfire.SqlServer.SqlServerStorage.CreateAndOpenConnection() in C:\projects\hangfire-525\src\Hangfire.SqlServer\SqlServerStorage.cs:line 404
   at Hangfire.SqlServer.SqlServerStorage.UseConnection[TContext,TResult](DbConnection dedicatedConnection, Func`4 func, TContext context) in C:\projects\hangfire-525\src\Hangfire.SqlServer\SqlServerStorage.cs:line 288
   at Hangfire.SqlServer.SqlServerConnection.AnnounceServer(String serverId, ServerContext context) in C:\projects\hangfire-525\src\Hangfire.SqlServer\SqlServerConnection.cs:line 503
   at Hangfire.Server.BackgroundServerProcess.CreateServer(BackgroundServerContext context) in C:\projects\hangfire-525\src\Hangfire.Core\Server\BackgroundServerProcess.cs:line 201
   at Hangfire.Server.BackgroundServerProcess.Execute(Guid executionId, BackgroundExecution execution, CancellationToken stoppingToken, CancellationToken stoppedToken, CancellationToken shutdownToken) in C:\projects\hangfire-525\src\Hangfire.Core\Server\BackgroundServerProcess.cs:line 127
   at Hangfire.Server.BackgroundProcessingServer.RunServer(Guid executionId, Object state) in C:\projects\hangfire-525\src\Hangfire.Core\Server\BackgroundProcessingServer.cs:line 249
   at Hangfire.Processing.BackgroundExecution.Run(Action`2 callback, Object state) in C:\projects\hangfire-525\src\Hangfire.Core\Processing\BackgroundExecution.cs:line 118
2026-05-19 16: 01: 21.005 Create request with Correlation_ID: b6e48266-8cb9-4565-8438-2b15e2fe9e09
2026-05-19 16: 01: 21.016 Received response with Correlation_ID: b6e48266-8cb9-4565-8438-2b15e2fe9e09
2026-05-19 16: 08: 00.533 Execution BackgroundServerProcess is still in the Failed state for 12:58:10.2118759 due to an exception, will be retried in no more than 00:00:15
System.InvalidOperationException: Timeout expired.  The timeout period elapsed prior to obtaining a connection from the pool.  This may have occurred because all pooled connections were in use and max pool size was reached.
   at Microsoft.Data.ProviderBase.DbConnectionFactory.TryGetConnection(DbConnection owningConnection, TaskCompletionSource`1 retry, DbConnectionOptions userOptions, DbConnectionInternal oldConnection, DbConnectionInternal& connection)
   at Microsoft.Data.ProviderBase.DbConnectionInternal.TryOpenConnectionInternal(DbConnection outerConnection, DbConnectionFactory connectionFactory, TaskCompletionSource`1 retry, DbConnectionOptions userOptions)
   at Microsoft.Data.SqlClient.SqlConnection.TryOpen(TaskCompletionSource`1 retry, SqlConnectionOverrides overrides)
   at Microsoft.Data.SqlClient.SqlConnection.Open(SqlConnectionOverrides overrides)
   at Hangfire.SqlServer.SqlServerStorage.CreateAndOpenConnection() in C:\projects\hangfire-525\src\Hangfire.SqlServer\SqlServerStorage.cs:line 404
   at Hangfire.SqlServer.SqlServerStorage.UseConnection[TContext,TResult](DbConnection dedicatedConnection, Func`4 func, TContext context) in C:\projects\hangfire-525\src\Hangfire.SqlServer\SqlServerStorage.cs:line 288
   at Hangfire.SqlServer.SqlServerConnection.AnnounceServer(String serverId, ServerContext context) in C:\projects\hangfire-525\src\Hangfire.SqlServer\SqlServerConnection.cs:line 503
   at Hangfire.Server.BackgroundServerProcess.CreateServer(BackgroundServerContext context) in C:\projects\hangfire-525\src\Hangfire.Core\Server\BackgroundServerProcess.cs:line 201
   at Hangfire.Server.BackgroundServerProcess.Execute(Guid executionId, BackgroundExecution execution, CancellationToken stoppingToken, CancellationToken stoppedToken, CancellationToken shutdownToken) in C:\projects\hangfire-525\src\Hangfire.Core\Server\BackgroundServerProcess.cs:line 127
   at Hangfire.Server.BackgroundProcessingServer.RunServer(Guid executionId, Object state) in C:\projects\hangfire-525\src\Hangfire.Core\Server\BackgroundProcessingServer.cs:line 249
   at Hangfire.Processing.BackgroundExecution.Run(Action`2 callback, Object state) in C:\projects\hangfire-525\src\Hangfire.Core\Processing\BackgroundExecution.cs:line 118
2026-05-19 16: 24: 55.536 Execution BackgroundServerProcess is still in the Failed state for 13:15:05.2151074 due to an exception, will be retried in no more than 00:00:15
System.InvalidOperationException: Timeout expired.  The timeout period elapsed prior to obtaining a connection from the pool.  This may have occurred because all pooled connections were in use and max pool size was reached.
   at Microsoft.Data.ProviderBase.DbConnectionFactory.TryGetConnection(DbConnection owningConnection, TaskCompletionSource`1 retry, DbConnectionOptions userOptions, DbConnectionInternal oldConnection, DbConnectionInternal& connection)
   at Microsoft.Data.ProviderBase.DbConnectionInternal.TryOpenConnectionInternal(DbConnection outerConnection, DbConnectionFactory connectionFactory, TaskCompletionSource`1 retry, DbConnectionOptions userOptions)
   at Microsoft.Data.SqlClient.SqlConnection.TryOpen(TaskCompletionSource`1 retry, SqlConnectionOverrides overrides)
   at Microsoft.Data.SqlClient.SqlConnection.Open(SqlConnectionOverrides overrides)
   at Hangfire.SqlServer.SqlServerStorage.CreateAndOpenConnection() in C:\projects\hangfire-525\src\Hangfire.SqlServer\SqlServerStorage.cs:line 404
   at Hangfire.SqlServer.SqlServerStorage.UseConnection[TContext,TResult](DbConnection dedicatedConnection, Func`4 func, TContext context) in C:\projects\hangfire-525\src\Hangfire.SqlServer\SqlServerStorage.cs:line 288
   at Hangfire.SqlServer.SqlServerConnection.AnnounceServer(String serverId, ServerContext context) in C:\projects\hangfire-525\src\Hangfire.SqlServer\SqlServerConnection.cs:line 503
   at Hangfire.Server.BackgroundServerProcess.CreateServer(BackgroundServerContext context) in C:\projects\hangfire-525\src\Hangfire.Core\Server\BackgroundServerProcess.cs:line 201
   at Hangfire.Server.BackgroundServerProcess.Execute(Guid executionId, BackgroundExecution execution, CancellationToken stoppingToken, CancellationToken stoppedToken, CancellationToken shutdownToken) in C:\projects\hangfire-525\src\Hangfire.Core\Server\BackgroundServerProcess.cs:line 127
   at Hangfire.Server.BackgroundProcessingServer.RunServer(Guid executionId, Object state) in C:\projects\hangfire-525\src\Hangfire.Core\Server\BackgroundProcessingServer.cs:line 249
   at Hangfire.Processing.BackgroundExecution.Run(Action`2 callback, Object state) in C:\projects\hangfire-525\src\Hangfire.Core\Processing\BackgroundExecution.cs:line 118
2026-05-19 16: 41: 50.539 Execution BackgroundServerProcess is still in the Failed state for 13:32:00.2179428 due to an exception, will be retried in no more than 00:00:15
System.InvalidOperationException: Timeout expired.  The timeout period elapsed prior to obtaining a connection from the pool.  This may have occurred because all pooled connections were in use and max pool size was reached.
   at Microsoft.Data.ProviderBase.DbConnectionFactory.TryGetConnection(DbConnection owningConnection, TaskCompletionSource`1 retry, DbConnectionOptions userOptions, DbConnectionInternal oldConnection, DbConnectionInternal& connection)
   at Microsoft.Data.ProviderBase.DbConnectionInternal.TryOpenConnectionInternal(DbConnection outerConnection, DbConnectionFactory connectionFactory, TaskCompletionSource`1 retry, DbConnectionOptions userOptions)
   at Microsoft.Data.SqlClient.SqlConnection.TryOpen(TaskCompletionSource`1 retry, SqlConnectionOverrides overrides)
   at Microsoft.Data.SqlClient.SqlConnection.Open(SqlConnectionOverrides overrides)
   at Hangfire.SqlServer.SqlServerStorage.CreateAndOpenConnection() in C:\projects\hangfire-525\src\Hangfire.SqlServer\SqlServerStorage.cs:line 404
   at Hangfire.SqlServer.SqlServerStorage.UseConnection[TContext,TResult](DbConnection dedicatedConnection, Func`4 func, TContext context) in C:\projects\hangfire-525\src\Hangfire.SqlServer\SqlServerStorage.cs:line 288
   at Hangfire.SqlServer.SqlServerConnection.AnnounceServer(String serverId, ServerContext context) in C:\projects\hangfire-525\src\Hangfire.SqlServer\SqlServerConnection.cs:line 503
   at Hangfire.Server.BackgroundServerProcess.CreateServer(BackgroundServerContext context) in C:\projects\hangfire-525\src\Hangfire.Core\Server\BackgroundServerProcess.cs:line 201
   at Hangfire.Server.BackgroundServerProcess.Execute(Guid executionId, BackgroundExecution execution, CancellationToken stoppingToken, CancellationToken stoppedToken, CancellationToken shutdownToken) in C:\projects\hangfire-525\src\Hangfire.Core\Server\BackgroundServerProcess.cs:line 127
   at Hangfire.Server.BackgroundProcessingServer.RunServer(Guid executionId, Object state) in C:\projects\hangfire-525\src\Hangfire.Core\Server\BackgroundProcessingServer.cs:line 249
   at Hangfire.Processing.BackgroundExecution.Run(Action`2 callback, Object state) in C:\projects\hangfire-525\src\Hangfire.Core\Processing\BackgroundExecution.cs:line 118
2026-05-19 16: 58: 45.543 Execution BackgroundServerProcess is still in the Failed state for 13:48:55.2220876 due to an exception, will be retried in no more than 00:00:15
System.InvalidOperationException: Timeout expired.  The timeout period elapsed prior to obtaining a connection from the pool.  This may have occurred because all pooled connections were in use and max pool size was reached.
   at Microsoft.Data.ProviderBase.DbConnectionFactory.TryGetConnection(DbConnection owningConnection, TaskCompletionSource`1 retry, DbConnectionOptions userOptions, DbConnectionInternal oldConnection, DbConnectionInternal& connection)
   at Microsoft.Data.ProviderBase.DbConnectionInternal.TryOpenConnectionInternal(DbConnection outerConnection, DbConnectionFactory connectionFactory, TaskCompletionSource`1 retry, DbConnectionOptions userOptions)
   at Microsoft.Data.SqlClient.SqlConnection.TryOpen(TaskCompletionSource`1 retry, SqlConnectionOverrides overrides)
   at Microsoft.Data.SqlClient.SqlConnection.Open(SqlConnectionOverrides overrides)
   at Hangfire.SqlServer.SqlServerStorage.CreateAndOpenConnection() in C:\projects\hangfire-525\src\Hangfire.SqlServer\SqlServerStorage.cs:line 404
   at Hangfire.SqlServer.SqlServerStorage.UseConnection[TContext,TResult](DbConnection dedicatedConnection, Func`4 func, TContext context) in C:\projects\hangfire-525\src\Hangfire.SqlServer\SqlServerStorage.cs:line 288
   at Hangfire.SqlServer.SqlServerConnection.AnnounceServer(String serverId, ServerContext context) in C:\projects\hangfire-525\src\Hangfire.SqlServer\SqlServerConnection.cs:line 503
   at Hangfire.Server.BackgroundServerProcess.CreateServer(BackgroundServerContext context) in C:\projects\hangfire-525\src\Hangfire.Core\Server\BackgroundServerProcess.cs:line 201
   at Hangfire.Server.BackgroundServerProcess.Execute(Guid executionId, BackgroundExecution execution, CancellationToken stoppingToken, CancellationToken stoppedToken, CancellationToken shutdownToken) in C:\projects\hangfire-525\src\Hangfire.Core\Server\BackgroundServerProcess.cs:line 127
   at Hangfire.Server.BackgroundProcessingServer.RunServer(Guid executionId, Object state) in C:\projects\hangfire-525\src\Hangfire.Core\Server\BackgroundProcessingServer.cs:line 249
   at Hangfire.Processing.BackgroundExecution.Run(Action`2 callback, Object state) in C:\projects\hangfire-525\src\Hangfire.Core\Processing\BackgroundExecution.cs:line 118
2026-05-19 17: 15: 40.547 Execution BackgroundServerProcess is still in the Failed state for 14:05:50.2263056 due to an exception, will be retried in no more than 00:00:15
System.InvalidOperationException: Timeout expired.  The timeout period elapsed prior to obtaining a connection from the pool.  This may have occurred because all pooled connections were in use and max pool size was reached.
   at Microsoft.Data.ProviderBase.DbConnectionFactory.TryGetConnection(DbConnection owningConnection, TaskCompletionSource`1 retry, DbConnectionOptions userOptions, DbConnectionInternal oldConnection, DbConnectionInternal& connection)
   at Microsoft.Data.ProviderBase.DbConnectionInternal.TryOpenConnectionInternal(DbConnection outerConnection, DbConnectionFactory connectionFactory, TaskCompletionSource`1 retry, DbConnectionOptions userOptions)
   at Microsoft.Data.SqlClient.SqlConnection.TryOpen(TaskCompletionSource`1 retry, SqlConnectionOverrides overrides)
   at Microsoft.Data.SqlClient.SqlConnection.Open(SqlConnectionOverrides overrides)
   at Hangfire.SqlServer.SqlServerStorage.CreateAndOpenConnection() in C:\projects\hangfire-525\src\Hangfire.SqlServer\SqlServerStorage.cs:line 404
   at Hangfire.SqlServer.SqlServerStorage.UseConnection[TContext,TResult](DbConnection dedicatedConnection, Func`4 func, TContext context) in C:\projects\hangfire-525\src\Hangfire.SqlServer\SqlServerStorage.cs:line 288
   at Hangfire.SqlServer.SqlServerConnection.AnnounceServer(String serverId, ServerContext context) in C:\projects\hangfire-525\src\Hangfire.SqlServer\SqlServerConnection.cs:line 503
   at Hangfire.Server.BackgroundServerProcess.CreateServer(BackgroundServerContext context) in C:\projects\hangfire-525\src\Hangfire.Core\Server\BackgroundServerProcess.cs:line 201
   at Hangfire.Server.BackgroundServerProcess.Execute(Guid executionId, BackgroundExecution execution, CancellationToken stoppingToken, CancellationToken stoppedToken, CancellationToken shutdownToken) in C:\projects\hangfire-525\src\Hangfire.Core\Server\BackgroundServerProcess.cs:line 127
   at Hangfire.Server.BackgroundProcessingServer.RunServer(Guid executionId, Object state) in C:\projects\hangfire-525\src\Hangfire.Core\Server\BackgroundProcessingServer.cs:line 249
   at Hangfire.Processing.BackgroundExecution.Run(Action`2 callback, Object state) in C:\projects\hangfire-525\src\Hangfire.Core\Processing\BackgroundExecution.cs:line 118
2026-05-19 17: 32: 35.550 Execution BackgroundServerProcess is still in the Failed state for 14:22:45.2290100 due to an exception, will be retried in no more than 00:00:15
System.InvalidOperationException: Timeout expired.  The timeout period elapsed prior to obtaining a connection from the pool.  This may have occurred because all pooled connections were in use and max pool size was reached.
   at Microsoft.Data.ProviderBase.DbConnectionFactory.TryGetConnection(DbConnection owningConnection, TaskCompletionSource`1 retry, DbConnectionOptions userOptions, DbConnectionInternal oldConnection, DbConnectionInternal& connection)
   at Microsoft.Data.ProviderBase.DbConnectionInternal.TryOpenConnectionInternal(DbConnection outerConnection, DbConnectionFactory connectionFactory, TaskCompletionSource`1 retry, DbConnectionOptions userOptions)
   at Microsoft.Data.SqlClient.SqlConnection.TryOpen(TaskCompletionSource`1 retry, SqlConnectionOverrides overrides)
   at Microsoft.Data.SqlClient.SqlConnection.Open(SqlConnectionOverrides overrides)
   at Hangfire.SqlServer.SqlServerStorage.CreateAndOpenConnection() in C:\projects\hangfire-525\src\Hangfire.SqlServer\SqlServerStorage.cs:line 404
   at Hangfire.SqlServer.SqlServerStorage.UseConnection[TContext,TResult](DbConnection dedicatedConnection, Func`4 func, TContext context) in C:\projects\hangfire-525\src\Hangfire.SqlServer\SqlServerStorage.cs:line 288
   at Hangfire.SqlServer.SqlServerConnection.AnnounceServer(String serverId, ServerContext context) in C:\projects\hangfire-525\src\Hangfire.SqlServer\SqlServerConnection.cs:line 503
   at Hangfire.Server.BackgroundServerProcess.CreateServer(BackgroundServerContext context) in C:\projects\hangfire-525\src\Hangfire.Core\Server\BackgroundServerProcess.cs:line 201
   at Hangfire.Server.BackgroundServerProcess.Execute(Guid executionId, BackgroundExecution execution, CancellationToken stoppingToken, CancellationToken stoppedToken, CancellationToken shutdownToken) in C:\projects\hangfire-525\src\Hangfire.Core\Server\BackgroundServerProcess.cs:line 127
   at Hangfire.Server.BackgroundProcessingServer.RunServer(Guid executionId, Object state) in C:\projects\hangfire-525\src\Hangfire.Core\Server\BackgroundProcessingServer.cs:line 249
   at Hangfire.Processing.BackgroundExecution.Run(Action`2 callback, Object state) in C:\projects\hangfire-525\src\Hangfire.Core\Processing\BackgroundExecution.cs:line 118
2026-05-19 17: 49: 30.554 Execution BackgroundServerProcess is still in the Failed state for 14:39:40.2329909 due to an exception, will be retried in no more than 00:00:15
System.InvalidOperationException: Timeout expired.  The timeout period elapsed prior to obtaining a connection from the pool.  This may have occurred because all pooled connections were in use and max pool size was reached.
   at Microsoft.Data.ProviderBase.DbConnectionFactory.TryGetConnection(DbConnection owningConnection, TaskCompletionSource`1 retry, DbConnectionOptions userOptions, DbConnectionInternal oldConnection, DbConnectionInternal& connection)
   at Microsoft.Data.ProviderBase.DbConnectionInternal.TryOpenConnectionInternal(DbConnection outerConnection, DbConnectionFactory connectionFactory, TaskCompletionSource`1 retry, DbConnectionOptions userOptions)
   at Microsoft.Data.SqlClient.SqlConnection.TryOpen(TaskCompletionSource`1 retry, SqlConnectionOverrides overrides)
   at Microsoft.Data.SqlClient.SqlConnection.Open(SqlConnectionOverrides overrides)
   at Hangfire.SqlServer.SqlServerStorage.CreateAndOpenConnection() in C:\projects\hangfire-525\src\Hangfire.SqlServer\SqlServerStorage.cs:line 404
   at Hangfire.SqlServer.SqlServerStorage.UseConnection[TContext,TResult](DbConnection dedicatedConnection, Func`4 func, TContext context) in C:\projects\hangfire-525\src\Hangfire.SqlServer\SqlServerStorage.cs:line 288
   at Hangfire.SqlServer.SqlServerConnection.AnnounceServer(String serverId, ServerContext context) in C:\projects\hangfire-525\src\Hangfire.SqlServer\SqlServerConnection.cs:line 503
   at Hangfire.Server.BackgroundServerProcess.CreateServer(BackgroundServerContext context) in C:\projects\hangfire-525\src\Hangfire.Core\Server\BackgroundServerProcess.cs:line 201
   at Hangfire.Server.BackgroundServerProcess.Execute(Guid executionId, BackgroundExecution execution, CancellationToken stoppingToken, CancellationToken stoppedToken, CancellationToken shutdownToken) in C:\projects\hangfire-525\src\Hangfire.Core\Server\BackgroundServerProcess.cs:line 127
   at Hangfire.Server.BackgroundProcessingServer.RunServer(Guid executionId, Object state) in C:\projects\hangfire-525\src\Hangfire.Core\Server\BackgroundProcessingServer.cs:line 249
   at Hangfire.Processing.BackgroundExecution.Run(Action`2 callback, Object state) in C:\projects\hangfire-525\src\Hangfire.Core\Processing\BackgroundExecution.cs:line 118
2026-05-19 18: 06: 25.557 Execution BackgroundServerProcess is still in the Failed state for 14:56:35.2356852 due to an exception, will be retried in no more than 00:00:15
System.InvalidOperationException: Timeout expired.  The timeout period elapsed prior to obtaining a connection from the pool.  This may have occurred because all pooled connections were in use and max pool size was reached.
   at Microsoft.Data.ProviderBase.DbConnectionFactory.TryGetConnection(DbConnection owningConnection, TaskCompletionSource`1 retry, DbConnectionOptions userOptions, DbConnectionInternal oldConnection, DbConnectionInternal& connection)
   at Microsoft.Data.ProviderBase.DbConnectionInternal.TryOpenConnectionInternal(DbConnection outerConnection, DbConnectionFactory connectionFactory, TaskCompletionSource`1 retry, DbConnectionOptions userOptions)
   at Microsoft.Data.SqlClient.SqlConnection.TryOpen(TaskCompletionSource`1 retry, SqlConnectionOverrides overrides)
   at Microsoft.Data.SqlClient.SqlConnection.Open(SqlConnectionOverrides overrides)
   at Hangfire.SqlServer.SqlServerStorage.CreateAndOpenConnection() in C:\projects\hangfire-525\src\Hangfire.SqlServer\SqlServerStorage.cs:line 404
   at Hangfire.SqlServer.SqlServerStorage.UseConnection[TContext,TResult](DbConnection dedicatedConnection, Func`4 func, TContext context) in C:\projects\hangfire-525\src\Hangfire.SqlServer\SqlServerStorage.cs:line 288
   at Hangfire.SqlServer.SqlServerConnection.AnnounceServer(String serverId, ServerContext context) in C:\projects\hangfire-525\src\Hangfire.SqlServer\SqlServerConnection.cs:line 503
   at Hangfire.Server.BackgroundServerProcess.CreateServer(BackgroundServerContext context) in C:\projects\hangfire-525\src\Hangfire.Core\Server\BackgroundServerProcess.cs:line 201
   at Hangfire.Server.BackgroundServerProcess.Execute(Guid executionId, BackgroundExecution execution, CancellationToken stoppingToken, CancellationToken stoppedToken, CancellationToken shutdownToken) in C:\projects\hangfire-525\src\Hangfire.Core\Server\BackgroundServerProcess.cs:line 127
   at Hangfire.Server.BackgroundProcessingServer.RunServer(Guid executionId, Object state) in C:\projects\hangfire-525\src\Hangfire.Core\Server\BackgroundProcessingServer.cs:line 249
   at Hangfire.Processing.BackgroundExecution.Run(Action`2 callback, Object state) in C:\projects\hangfire-525\src\Hangfire.Core\Processing\BackgroundExecution.cs:line 118
2026-05-19 18: 23: 20.560 Execution BackgroundServerProcess is still in the Failed state for 15:13:30.2388284 due to an exception, will be retried in no more than 00:00:15
System.InvalidOperationException: Timeout expired.  The timeout period elapsed prior to obtaining a connection from the pool.  This may have occurred because all pooled connections were in use and max pool size was reached.
   at Microsoft.Data.ProviderBase.DbConnectionFactory.TryGetConnection(DbConnection owningConnection, TaskCompletionSource`1 retry, DbConnectionOptions userOptions, DbConnectionInternal oldConnection, DbConnectionInternal& connection)
   at Microsoft.Data.ProviderBase.DbConnectionInternal.TryOpenConnectionInternal(DbConnection outerConnection, DbConnectionFactory connectionFactory, TaskCompletionSource`1 retry, DbConnectionOptions userOptions)
   at Microsoft.Data.SqlClient.SqlConnection.TryOpen(TaskCompletionSource`1 retry, SqlConnectionOverrides overrides)
   at Microsoft.Data.SqlClient.SqlConnection.Open(SqlConnectionOverrides overrides)
   at Hangfire.SqlServer.SqlServerStorage.CreateAndOpenConnection() in C:\projects\hangfire-525\src\Hangfire.SqlServer\SqlServerStorage.cs:line 404
   at Hangfire.SqlServer.SqlServerStorage.UseConnection[TContext,TResult](DbConnection dedicatedConnection, Func`4 func, TContext context) in C:\projects\hangfire-525\src\Hangfire.SqlServer\SqlServerStorage.cs:line 288
   at Hangfire.SqlServer.SqlServerConnection.AnnounceServer(String serverId, ServerContext context) in C:\projects\hangfire-525\src\Hangfire.SqlServer\SqlServerConnection.cs:line 503
   at Hangfire.Server.BackgroundServerProcess.CreateServer(BackgroundServerContext context) in C:\projects\hangfire-525\src\Hangfire.Core\Server\BackgroundServerProcess.cs:line 201
   at Hangfire.Server.BackgroundServerProcess.Execute(Guid executionId, BackgroundExecution execution, CancellationToken stoppingToken, CancellationToken stoppedToken, CancellationToken shutdownToken) in C:\projects\hangfire-525\src\Hangfire.Core\Server\BackgroundServerProcess.cs:line 127
   at Hangfire.Server.BackgroundProcessingServer.RunServer(Guid executionId, Object state) in C:\projects\hangfire-525\src\Hangfire.Core\Server\BackgroundProcessingServer.cs:line 249
   at Hangfire.Processing.BackgroundExecution.Run(Action`2 callback, Object state) in C:\projects\hangfire-525\src\Hangfire.Core\Processing\BackgroundExecution.cs:line 118
2026-05-19 18: 40: 15.563 Execution BackgroundServerProcess is still in the Failed state for 15:30:25.2418509 due to an exception, will be retried in no more than 00:00:15
System.InvalidOperationException: Timeout expired.  The timeout period elapsed prior to obtaining a connection from the pool.  This may have occurred because all pooled connections were in use and max pool size was reached.
   at Microsoft.Data.ProviderBase.DbConnectionFactory.TryGetConnection(DbConnection owningConnection, TaskCompletionSource`1 retry, DbConnectionOptions userOptions, DbConnectionInternal oldConnection, DbConnectionInternal& connection)
   at Microsoft.Data.ProviderBase.DbConnectionInternal.TryOpenConnectionInternal(DbConnection outerConnection, DbConnectionFactory connectionFactory, TaskCompletionSource`1 retry, DbConnectionOptions userOptions)
   at Microsoft.Data.SqlClient.SqlConnection.TryOpen(TaskCompletionSource`1 retry, SqlConnectionOverrides overrides)
   at Microsoft.Data.SqlClient.SqlConnection.Open(SqlConnectionOverrides overrides)
   at Hangfire.SqlServer.SqlServerStorage.CreateAndOpenConnection() in C:\projects\hangfire-525\src\Hangfire.SqlServer\SqlServerStorage.cs:line 404
   at Hangfire.SqlServer.SqlServerStorage.UseConnection[TContext,TResult](DbConnection dedicatedConnection, Func`4 func, TContext context) in C:\projects\hangfire-525\src\Hangfire.SqlServer\SqlServerStorage.cs:line 288
   at Hangfire.SqlServer.SqlServerConnection.AnnounceServer(String serverId, ServerContext context) in C:\projects\hangfire-525\src\Hangfire.SqlServer\SqlServerConnection.cs:line 503
   at Hangfire.Server.BackgroundServerProcess.CreateServer(BackgroundServerContext context) in C:\projects\hangfire-525\src\Hangfire.Core\Server\BackgroundServerProcess.cs:line 201
   at Hangfire.Server.BackgroundServerProcess.Execute(Guid executionId, BackgroundExecution execution, CancellationToken stoppingToken, CancellationToken stoppedToken, CancellationToken shutdownToken) in C:\projects\hangfire-525\src\Hangfire.Core\Server\BackgroundServerProcess.cs:line 127
   at Hangfire.Server.BackgroundProcessingServer.RunServer(Guid executionId, Object state) in C:\projects\hangfire-525\src\Hangfire.Core\Server\BackgroundProcessingServer.cs:line 249
   at Hangfire.Processing.BackgroundExecution.Run(Action`2 callback, Object state) in C:\projects\hangfire-525\src\Hangfire.Core\Processing\BackgroundExecution.cs:line 118
2026-05-19 18: 57: 10.567 Execution BackgroundServerProcess is still in the Failed state for 15:47:20.2453382 due to an exception, will be retried in no more than 00:00:15
System.InvalidOperationException: Timeout expired.  The timeout period elapsed prior to obtaining a connection from the pool.  This may have occurred because all pooled connections were in use and max pool size was reached.
   at Microsoft.Data.ProviderBase.DbConnectionFactory.TryGetConnection(DbConnection owningConnection, TaskCompletionSource`1 retry, DbConnectionOptions userOptions, DbConnectionInternal oldConnection, DbConnectionInternal& connection)
   at Microsoft.Data.ProviderBase.DbConnectionInternal.TryOpenConnectionInternal(DbConnection outerConnection, DbConnectionFactory connectionFactory, TaskCompletionSource`1 retry, DbConnectionOptions userOptions)
   at Microsoft.Data.SqlClient.SqlConnection.TryOpen(TaskCompletionSource`1 retry, SqlConnectionOverrides overrides)
   at Microsoft.Data.SqlClient.SqlConnection.Open(SqlConnectionOverrides overrides)
   at Hangfire.SqlServer.SqlServerStorage.CreateAndOpenConnection() in C:\projects\hangfire-525\src\Hangfire.SqlServer\SqlServerStorage.cs:line 404
   at Hangfire.SqlServer.SqlServerStorage.UseConnection[TContext,TResult](DbConnection dedicatedConnection, Func`4 func, TContext context) in C:\projects\hangfire-525\src\Hangfire.SqlServer\SqlServerStorage.cs:line 288
   at Hangfire.SqlServer.SqlServerConnection.AnnounceServer(String serverId, ServerContext context) in C:\projects\hangfire-525\src\Hangfire.SqlServer\SqlServerConnection.cs:line 503
   at Hangfire.Server.BackgroundServerProcess.CreateServer(BackgroundServerContext context) in C:\projects\hangfire-525\src\Hangfire.Core\Server\BackgroundServerProcess.cs:line 201
   at Hangfire.Server.BackgroundServerProcess.Execute(Guid executionId, BackgroundExecution execution, CancellationToken stoppingToken, CancellationToken stoppedToken, CancellationToken shutdownToken) in C:\projects\hangfire-525\src\Hangfire.Core\Server\BackgroundServerProcess.cs:line 127
   at Hangfire.Server.BackgroundProcessingServer.RunServer(Guid executionId, Object state) in C:\projects\hangfire-525\src\Hangfire.Core\Server\BackgroundProcessingServer.cs:line 249
   at Hangfire.Processing.BackgroundExecution.Run(Action`2 callback, Object state) in C:\projects\hangfire-525\src\Hangfire.Core\Processing\BackgroundExecution.cs:line 118
2026-05-19 19: 14: 05.570 Execution BackgroundServerProcess is still in the Failed state for 16:04:15.2485337 due to an exception, will be retried in no more than 00:00:15
System.InvalidOperationException: Timeout expired.  The timeout period elapsed prior to obtaining a connection from the pool.  This may have occurred because all pooled connections were in use and max pool size was reached.
   at Microsoft.Data.ProviderBase.DbConnectionFactory.TryGetConnection(DbConnection owningConnection, TaskCompletionSource`1 retry, DbConnectionOptions userOptions, DbConnectionInternal oldConnection, DbConnectionInternal& connection)
   at Microsoft.Data.ProviderBase.DbConnectionInternal.TryOpenConnectionInternal(DbConnection outerConnection, DbConnectionFactory connectionFactory, TaskCompletionSource`1 retry, DbConnectionOptions userOptions)
   at Microsoft.Data.SqlClient.SqlConnection.TryOpen(TaskCompletionSource`1 retry, SqlConnectionOverrides overrides)
   at Microsoft.Data.SqlClient.SqlConnection.Open(SqlConnectionOverrides overrides)
   at Hangfire.SqlServer.SqlServerStorage.CreateAndOpenConnection() in C:\projects\hangfire-525\src\Hangfire.SqlServer\SqlServerStorage.cs:line 404
   at Hangfire.SqlServer.SqlServerStorage.UseConnection[TContext,TResult](DbConnection dedicatedConnection, Func`4 func, TContext context) in C:\projects\hangfire-525\src\Hangfire.SqlServer\SqlServerStorage.cs:line 288
   at Hangfire.SqlServer.SqlServerConnection.AnnounceServer(String serverId, ServerContext context) in C:\projects\hangfire-525\src\Hangfire.SqlServer\SqlServerConnection.cs:line 503
   at Hangfire.Server.BackgroundServerProcess.CreateServer(BackgroundServerContext context) in C:\projects\hangfire-525\src\Hangfire.Core\Server\BackgroundServerProcess.cs:line 201
   at Hangfire.Server.BackgroundServerProcess.Execute(Guid executionId, BackgroundExecution execution, CancellationToken stoppingToken, CancellationToken stoppedToken, CancellationToken shutdownToken) in C:\projects\hangfire-525\src\Hangfire.Core\Server\BackgroundServerProcess.cs:line 127
   at Hangfire.Server.BackgroundProcessingServer.RunServer(Guid executionId, Object state) in C:\projects\hangfire-525\src\Hangfire.Core\Server\BackgroundProcessingServer.cs:line 249
   at Hangfire.Processing.BackgroundExecution.Run(Action`2 callback, Object state) in C:\projects\hangfire-525\src\Hangfire.Core\Processing\BackgroundExecution.cs:line 118
2026-05-19 19: 31: 00.575 Execution BackgroundServerProcess is still in the Failed state for 16:21:10.2536751 due to an exception, will be retried in no more than 00:00:15
System.InvalidOperationException: Timeout expired.  The timeout period elapsed prior to obtaining a connection from the pool.  This may have occurred because all pooled connections were in use and max pool size was reached.
   at Microsoft.Data.ProviderBase.DbConnectionFactory.TryGetConnection(DbConnection owningConnection, TaskCompletionSource`1 retry, DbConnectionOptions userOptions, DbConnectionInternal oldConnection, DbConnectionInternal& connection)
   at Microsoft.Data.ProviderBase.DbConnectionInternal.TryOpenConnectionInternal(DbConnection outerConnection, DbConnectionFactory connectionFactory, TaskCompletionSource`1 retry, DbConnectionOptions userOptions)
   at Microsoft.Data.SqlClient.SqlConnection.TryOpen(TaskCompletionSource`1 retry, SqlConnectionOverrides overrides)
   at Microsoft.Data.SqlClient.SqlConnection.Open(SqlConnectionOverrides overrides)
   at Hangfire.SqlServer.SqlServerStorage.CreateAndOpenConnection() in C:\projects\hangfire-525\src\Hangfire.SqlServer\SqlServerStorage.cs:line 404
   at Hangfire.SqlServer.SqlServerStorage.UseConnection[TContext,TResult](DbConnection dedicatedConnection, Func`4 func, TContext context) in C:\projects\hangfire-525\src\Hangfire.SqlServer\SqlServerStorage.cs:line 288
   at Hangfire.SqlServer.SqlServerConnection.AnnounceServer(String serverId, ServerContext context) in C:\projects\hangfire-525\src\Hangfire.SqlServer\SqlServerConnection.cs:line 503
   at Hangfire.Server.BackgroundServerProcess.CreateServer(BackgroundServerContext context) in C:\projects\hangfire-525\src\Hangfire.Core\Server\BackgroundServerProcess.cs:line 201
   at Hangfire.Server.BackgroundServerProcess.Execute(Guid executionId, BackgroundExecution execution, CancellationToken stoppingToken, CancellationToken stoppedToken, CancellationToken shutdownToken) in C:\projects\hangfire-525\src\Hangfire.Core\Server\BackgroundServerProcess.cs:line 127
   at Hangfire.Server.BackgroundProcessingServer.RunServer(Guid executionId, Object state) in C:\projects\hangfire-525\src\Hangfire.Core\Server\BackgroundProcessingServer.cs:line 249
   at Hangfire.Processing.BackgroundExecution.Run(Action`2 callback, Object state) in C:\projects\hangfire-525\src\Hangfire.Core\Processing\BackgroundExecution.cs:line 118
   root@sof-test-647fb4585b-qsfbj:/var/www/sof# cd ..
root@sof-test-647fb4585b-qsfbj:/var/www# cd Logs/
root@sof-test-647fb4585b-qsfbj:/var/www/Logs# cd SOF/
root@sof-test-647fb4585b-qsfbj:/var/www/Logs/SOF# ls
SOF_applog_20260616.log  SOF_applog_20260617.log  SOF_applog_20260618.log  SOF_applog_20260619.log  SOF_applog_20260620.log  SOF_applog_20260621.log
root@sof-test-647fb4585b-qsfbj:/var/www/Logs/SOF# cat SOF_applog_20260617.log 
2026-06-17 04: 00: 06.142 {"LogDate":"2026-06-17","LogTime":"04:00:06.108","LogLevel":"Information","Entity":"Momkn","Module":"TMS","IP":"10.244.8.209","DenominationId":null,"Method":"AddCommission","Source":"SOF","Destination":"SOF","BRN":null,"BillingAccount":null,"MessageBody":"[Start-Commission]","ExtraData":null,"CorrelationId":""}
2026-06-17 04: 00: 06.155 {"LogDate":"2026-06-17","LogTime":"04:00:06.154","LogLevel":"Information","Entity":"Momkn","Module":"TMS","IP":"10.244.8.209","DenominationId":null,"Method":"AddCommission","Source":"SOF","Destination":"SOF","BRN":null,"BillingAccount":null,"MessageBody":"[DisableServices]","ExtraData":null,"CorrelationId":""}
2026-06-17 04: 00: 06.683 [Start-Commission-DisableServices] - Disabled 287 services
2026-06-17 04: 00: 06.684 {"LogDate":"2026-06-17","LogTime":"04:00:06.684","LogLevel":"Information","Entity":"Momkn","Module":"TMS","IP":"10.244.8.209","DenominationId":null,"Method":"AddCommission","Source":"SOF","Destination":"SOF","BRN":null,"BillingAccount":null,"MessageBody":"[DisableLogin]","ExtraData":null,"CorrelationId":""}
2026-06-17 04: 00: 06.687 [Start-Commission-DisableLogin] - Login username: 
2026-06-17 04: 00: 06.688 {"LogDate":"2026-06-17","LogTime":"04:00:06.687","LogLevel":"Information","Entity":"Momkn","Module":"TMS","IP":"10.244.8.209","DenominationId":null,"Method":"AddCommission","Source":"SOF","Destination":"SOF","BRN":null,"BillingAccount":null,"MessageBody":"[Sleep one minute]","ExtraData":null,"CorrelationId":""}
2026-06-17 04: 01: 06.714 {"LogDate":"2026-06-17","LogTime":"04:01:06.714","LogLevel":"Information","Entity":"Momkn","Module":"TMS","IP":"10.244.8.209","DenominationId":null,"Method":"AddCommission","Source":"SOF","Destination":"SOF","BRN":null,"BillingAccount":null,"MessageBody":"[Start-Commission-SetRequestAndTransaction] - Start Set Request And ransactions in db","ExtraData":null,"CorrelationId":""}
2026-06-17 04: 01: 06.715 {"LogDate":"2026-06-17","LogTime":"04:01:06.715","LogLevel":"Information","Entity":"Momkn","Module":"TMS","IP":"10.244.8.209","DenominationId":null,"Method":"AddCommission","Source":"SOF","Destination":"SOF","BRN":null,"BillingAccount":null,"MessageBody":"[Start-Commission-SetRequestAndTransaction] - number of days to take -1","ExtraData":null,"CorrelationId":""}
2026-06-17 04: 01: 07.434 {"LogDate":"2026-06-17","LogTime":"04:01:07.428","LogLevel":"Information","Entity":"Momkn","Module":"TMS","IP":"10.244.8.209","DenominationId":null,"Method":"AddCommission","Source":"SOF","Destination":"SOF","BRN":null,"BillingAccount":null,"MessageBody":"[Start-Commission-SetRequestAndTransaction] - End and the returned transactions count: 0, request id: 0","ExtraData":[{"Key":"AccountId","Value":"26456"}],"CorrelationId":""}
2026-06-17 04: 01: 07.438 {"LogDate":"2026-06-17","LogTime":"04:01:07.437","LogLevel":"Error","Entity":"Momkn","Module":"TMS","IP":"10.244.8.209","DenominationId":null,"Method":"AddCommission","Source":null,"Destination":null,"BRN":null,"BillingAccount":null,"MessageBody":"[Start-Commission-SetRequestAndTransaction] - SetCommissionForSourceOfFundBulk Procedure returned empty recored","ExtraData":[{"Key":"AccountId","Value":"26456"}],"CorrelationId":null}
2026-06-17 04: 01: 07.439 {"LogDate":"2026-06-17","LogTime":"04:01:07.439","LogLevel":"Error","Entity":"Momkn","Module":"TMS","IP":"10.244.8.209","DenominationId":null,"Method":"AddCommission","Source":null,"Destination":null,"BRN":null,"BillingAccount":null,"MessageBody":"[ErrorAddCommission]","ExtraData":null,"CorrelationId":null}
Backend.Infrastructure.Helpers.BackendException: SetCommissionForSourceOfFundBulk Procedure returned empty recored
   at SourceOfFund.Services.Services.CommissionService.ManageCommissions(Int32 fromAccountId) in /var/charts/sources/alahlymomkn.backend/SourceOfFund.Services/Services/CommissionService.cs:line 84
   at SourceOfFund.Services.Services.CommissionService.AddCommission() in /var/charts/sources/alahlymomkn.backend/SourceOfFund.Services/Services/CommissionService.cs:line 59
2026-06-17 04: 01: 07.446 {"LogDate":"2026-06-17","LogTime":"04:01:07.446","LogLevel":"Information","Entity":"Momkn","Module":"TMS","IP":"10.244.8.209","DenominationId":null,"Method":"AddCommission","Source":"SOF","Destination":"SOF","BRN":null,"BillingAccount":null,"MessageBody":"[EnableLogin]","ExtraData":null,"CorrelationId":""}
2026-06-17 04: 01: 07.449 [Start-Commission-EnableLogin] - Login username: 
2026-06-17 04: 01: 07.450 {"LogDate":"2026-06-17","LogTime":"04:01:07.449","LogLevel":"Information","Entity":"Momkn","Module":"TMS","IP":"10.244.8.209","DenominationId":null,"Method":"AddCommission","Source":"SOF","Destination":"SOF","BRN":null,"BillingAccount":null,"MessageBody":"[EnableServices]","ExtraData":null,"CorrelationId":""}
2026-06-17 04: 01: 07.467 [Start-Commission-EnableServices] - Enabled 287 services
2026-06-17 04: 01: 07.467 {"LogDate":"2026-06-17","LogTime":"04:01:07.467","LogLevel":"Information","Entity":"Momkn","Module":"TMS","IP":"10.244.8.209","DenominationId":null,"Method":"AddCommission","Source":"SOF","Destination":"SOF","BRN":null,"BillingAccount":null,"MessageBody":"[End-Commission]","ExtraData":null,"CorrelationId":""}
2026-06-17 15: 27: 37.380 Create request with Correlation_ID: b3626367-802f-4770-9724-735906e2f032
2026-06-17 15: 27: 49.121 An error occurred using the connection to database '"SourceOfFund"' on server '"10.90.7.160"'.
2026-06-17 15: 27: 49.140 An error occurred using the connection to database '"SourceOfFund"' on server '"10.90.7.160"'.
2026-06-17 15: 27: 50.232 An error occurred using the connection to database '"SourceOfFund"' on server '"10.90.7.160"'.
2026-06-17 15: 27: 53.286 An error occurred using the connection to database '"SourceOfFund"' on server '"10.90.7.160"'.
2026-06-17 15: 27: 53.320 An exception occurred while iterating over the results of a query for context type '"SourceOfFund.Data.ApplicationDbContext"'."
""Microsoft.EntityFrameworkCore.Storage.RetryLimitExceededException: The maximum number of retries (3) was exceeded while executing database operations with 'SqlServerRetryingExecutionStrategy'. See the inner exception for the most recent failure.
 ---> Microsoft.Data.SqlClient.SqlException (0x80131904): Cannot open database \"SourceOfFund\" requested by the login. The login failed.
Login failed for user 'Rana'.
   at Microsoft.Data.ProviderBase.DbConnectionPool.UserCreateRequest(DbConnection owningObject, DbConnectionOptions userOptions, DbConnectionInternal oldConnection)
   at Microsoft.Data.ProviderBase.DbConnectionPool.TryGetConnection(DbConnection owningObject, UInt32 waitForMultipleObjectsTimeout, Boolean allowCreate, Boolean onlyOneCheckConnection, DbConnectionOptions userOptions, DbConnectionInternal& connection)
   at Microsoft.Data.ProviderBase.DbConnectionPool.TryGetConnection(DbConnection owningObject, TaskCompletionSource`1 retry, DbConnectionOptions userOptions, DbConnectionInternal& connection)
   at Microsoft.Data.ProviderBase.DbConnectionFactory.TryGetConnection(DbConnection owningConnection, TaskCompletionSource`1 retry, DbConnectionOptions userOptions, DbConnectionInternal oldConnection, DbConnectionInternal& connection)
   at Microsoft.Data.ProviderBase.DbConnectionInternal.TryOpenConnectionInternal(DbConnection outerConnection, DbConnectionFactory connectionFactory, TaskCompletionSource`1 retry, DbConnectionOptions userOptions)
   at Microsoft.Data.SqlClient.SqlConnection.TryOpen(TaskCompletionSource`1 retry, SqlConnectionOverrides overrides)
   at Microsoft.Data.SqlClient.SqlConnection.InternalOpenAsync(CancellationToken cancellationToken)
--- End of stack trace from previous location ---
   at Microsoft.EntityFrameworkCore.Storage.RelationalConnection.OpenInternalAsync(Boolean errorsExpected, CancellationToken cancellationToken)
   at Microsoft.EntityFrameworkCore.Storage.RelationalConnection.OpenInternalAsync(Boolean errorsExpected, CancellationToken cancellationToken)
   at Microsoft.EntityFrameworkCore.Storage.RelationalConnection.OpenAsync(CancellationToken cancellationToken, Boolean errorsExpected)
   at Microsoft.EntityFrameworkCore.Storage.RelationalCommand.ExecuteReaderAsync(RelationalCommandParameterObject parameterObject, CancellationToken cancellationToken)
   at Microsoft.EntityFrameworkCore.Query.Internal.SplitQueryingEnumerable`1.AsyncEnumerator.InitializeReaderAsync(AsyncEnumerator enumerator, CancellationToken cancellationToken)
   at Microsoft.EntityFrameworkCore.Storage.ExecutionStrategy.<>c__DisplayClass30_0`2.<<ExecuteAsync>b__0>d.MoveNext()
--- End of stack trace from previous location ---
   at Microsoft.EntityFrameworkCore.Storage.ExecutionStrategy.ExecuteImplementationAsync[TState,TResult](Func`4 operation, Func`4 verifySucceeded, TState state, CancellationToken cancellationToken)
ClientConnectionId:e0487fe4-1241-43c5-8777-521c9c245740
Error Number:4060,State:1,Class:11
   --- End of inner exception stack trace ---
   at Microsoft.EntityFrameworkCore.Storage.ExecutionStrategy.ExecuteImplementationAsync[TState,TResult](Func`4 operation, Func`4 verifySucceeded, TState state, CancellationToken cancellationToken)
   at Microsoft.EntityFrameworkCore.Storage.ExecutionStrategy.ExecuteAsync[TState,TResult](TState state, Func`4 operation, Func`4 verifySucceeded, CancellationToken cancellationToken)
   at Microsoft.EntityFrameworkCore.Query.Internal.SplitQueryingEnumerable`1.AsyncEnumerator.MoveNextAsync()"
Microsoft.EntityFrameworkCore.Storage.RetryLimitExceededException: The maximum number of retries (3) was exceeded while executing database operations with 'SqlServerRetryingExecutionStrategy'. See the inner exception for the most recent failure.
 ---> Microsoft.Data.SqlClient.SqlException (0x80131904): Cannot open database "SourceOfFund" requested by the login. The login failed.
Login failed for user 'Rana'.
   at Microsoft.Data.ProviderBase.DbConnectionPool.UserCreateRequest(DbConnection owningObject, DbConnectionOptions userOptions, DbConnectionInternal oldConnection)
   at Microsoft.Data.ProviderBase.DbConnectionPool.TryGetConnection(DbConnection owningObject, UInt32 waitForMultipleObjectsTimeout, Boolean allowCreate, Boolean onlyOneCheckConnection, DbConnectionOptions userOptions, DbConnectionInternal& connection)
   at Microsoft.Data.ProviderBase.DbConnectionPool.TryGetConnection(DbConnection owningObject, TaskCompletionSource`1 retry, DbConnectionOptions userOptions, DbConnectionInternal& connection)
   at Microsoft.Data.ProviderBase.DbConnectionFactory.TryGetConnection(DbConnection owningConnection, TaskCompletionSource`1 retry, DbConnectionOptions userOptions, DbConnectionInternal oldConnection, DbConnectionInternal& connection)
   at Microsoft.Data.ProviderBase.DbConnectionInternal.TryOpenConnectionInternal(DbConnection outerConnection, DbConnectionFactory connectionFactory, TaskCompletionSource`1 retry, DbConnectionOptions userOptions)
   at Microsoft.Data.SqlClient.SqlConnection.TryOpen(TaskCompletionSource`1 retry, SqlConnectionOverrides overrides)
   at Microsoft.Data.SqlClient.SqlConnection.InternalOpenAsync(CancellationToken cancellationToken)
--- End of stack trace from previous location ---
   at Microsoft.EntityFrameworkCore.Storage.RelationalConnection.OpenInternalAsync(Boolean errorsExpected, CancellationToken cancellationToken)
   at Microsoft.EntityFrameworkCore.Storage.RelationalConnection.OpenInternalAsync(Boolean errorsExpected, CancellationToken cancellationToken)
   at Microsoft.EntityFrameworkCore.Storage.RelationalConnection.OpenAsync(CancellationToken cancellationToken, Boolean errorsExpected)
   at Microsoft.EntityFrameworkCore.Storage.RelationalCommand.ExecuteReaderAsync(RelationalCommandParameterObject parameterObject, CancellationToken cancellationToken)
   at Microsoft.EntityFrameworkCore.Query.Internal.SplitQueryingEnumerable`1.AsyncEnumerator.InitializeReaderAsync(AsyncEnumerator enumerator, CancellationToken cancellationToken)
   at Microsoft.EntityFrameworkCore.Storage.ExecutionStrategy.<>c__DisplayClass30_0`2.<<ExecuteAsync>b__0>d.MoveNext()
--- End of stack trace from previous location ---
   at Microsoft.EntityFrameworkCore.Storage.ExecutionStrategy.ExecuteImplementationAsync[TState,TResult](Func`4 operation, Func`4 verifySucceeded, TState state, CancellationToken cancellationToken)
ClientConnectionId:e0487fe4-1241-43c5-8777-521c9c245740
Error Number:4060,State:1,Class:11
   --- End of inner exception stack trace ---
   at Microsoft.EntityFrameworkCore.Storage.ExecutionStrategy.ExecuteImplementationAsync[TState,TResult](Func`4 operation, Func`4 verifySucceeded, TState state, CancellationToken cancellationToken)
   at Microsoft.EntityFrameworkCore.Storage.ExecutionStrategy.ExecuteAsync[TState,TResult](TState state, Func`4 operation, Func`4 verifySucceeded, CancellationToken cancellationToken)
   at Microsoft.EntityFrameworkCore.Query.Internal.SplitQueryingEnumerable`1.AsyncEnumerator.MoveNextAsync()
2026-06-17 15: 27: 53.337 {"LogDate":"2026-06-17","LogTime":"15:27:53.336","LogLevel":"Error","Entity":"Momkn","Module":"TMS","IP":"10.244.8.209","DenominationId":null,"Method":"GetBalance","Source":null,"Destination":null,"BRN":null,"BillingAccount":null,"MessageBody":"Exception","ExtraData":[{"Key":"AccountId","Value":"132389"},{"Key":"BalanceTypeId","Value":"1"}],"CorrelationId":"b3626367-802f-4770-9724-735906e2f032"}
Microsoft.EntityFrameworkCore.Storage.RetryLimitExceededException: The maximum number of retries (3) was exceeded while executing database operations with 'SqlServerRetryingExecutionStrategy'. See the inner exception for the most recent failure.
 ---> Microsoft.Data.SqlClient.SqlException (0x80131904): Cannot open database "SourceOfFund" requested by the login. The login failed.
Login failed for user 'Rana'.
   at Microsoft.Data.ProviderBase.DbConnectionPool.UserCreateRequest(DbConnection owningObject, DbConnectionOptions userOptions, DbConnectionInternal oldConnection)
   at Microsoft.Data.ProviderBase.DbConnectionPool.TryGetConnection(DbConnection owningObject, UInt32 waitForMultipleObjectsTimeout, Boolean allowCreate, Boolean onlyOneCheckConnection, DbConnectionOptions userOptions, DbConnectionInternal& connection)
   at Microsoft.Data.ProviderBase.DbConnectionPool.TryGetConnection(DbConnection owningObject, TaskCompletionSource`1 retry, DbConnectionOptions userOptions, DbConnectionInternal& connection)
   at Microsoft.Data.ProviderBase.DbConnectionFactory.TryGetConnection(DbConnection owningConnection, TaskCompletionSource`1 retry, DbConnectionOptions userOptions, DbConnectionInternal oldConnection, DbConnectionInternal& connection)
   at Microsoft.Data.ProviderBase.DbConnectionInternal.TryOpenConnectionInternal(DbConnection outerConnection, DbConnectionFactory connectionFactory, TaskCompletionSource`1 retry, DbConnectionOptions userOptions)
   at Microsoft.Data.SqlClient.SqlConnection.TryOpen(TaskCompletionSource`1 retry, SqlConnectionOverrides overrides)
   at Microsoft.Data.SqlClient.SqlConnection.InternalOpenAsync(CancellationToken cancellationToken)
--- End of stack trace from previous location ---
   at Microsoft.EntityFrameworkCore.Storage.RelationalConnection.OpenInternalAsync(Boolean errorsExpected, CancellationToken cancellationToken)
   at Microsoft.EntityFrameworkCore.Storage.RelationalConnection.OpenInternalAsync(Boolean errorsExpected, CancellationToken cancellationToken)
   at Microsoft.EntityFrameworkCore.Storage.RelationalConnection.OpenAsync(CancellationToken cancellationToken, Boolean errorsExpected)
   at Microsoft.EntityFrameworkCore.Storage.RelationalCommand.ExecuteReaderAsync(RelationalCommandParameterObject parameterObject, CancellationToken cancellationToken)
   at Microsoft.EntityFrameworkCore.Query.Internal.SplitQueryingEnumerable`1.AsyncEnumerator.InitializeReaderAsync(AsyncEnumerator enumerator, CancellationToken cancellationToken)
   at Microsoft.EntityFrameworkCore.Storage.ExecutionStrategy.<>c__DisplayClass30_0`2.<<ExecuteAsync>b__0>d.MoveNext()
--- End of stack trace from previous location ---
   at Microsoft.EntityFrameworkCore.Storage.ExecutionStrategy.ExecuteImplementationAsync[TState,TResult](Func`4 operation, Func`4 verifySucceeded, TState state, CancellationToken cancellationToken)
ClientConnectionId:e0487fe4-1241-43c5-8777-521c9c245740
Error Number:4060,State:1,Class:11
   --- End of inner exception stack trace ---
   at Microsoft.EntityFrameworkCore.Storage.ExecutionStrategy.ExecuteImplementationAsync[TState,TResult](Func`4 operation, Func`4 verifySucceeded, TState state, CancellationToken cancellationToken)
   at Microsoft.EntityFrameworkCore.Storage.ExecutionStrategy.ExecuteAsync[TState,TResult](TState state, Func`4 operation, Func`4 verifySucceeded, CancellationToken cancellationToken)
   at Microsoft.EntityFrameworkCore.Query.Internal.SplitQueryingEnumerable`1.AsyncEnumerator.MoveNextAsync()
   at Microsoft.EntityFrameworkCore.Query.ShapedQueryCompilingExpressionVisitor.SingleOrDefaultAsync[TSource](IAsyncEnumerable`1 asyncEnumerable, CancellationToken cancellationToken)
   at Microsoft.EntityFrameworkCore.Query.ShapedQueryCompilingExpressionVisitor.SingleOrDefaultAsync[TSource](IAsyncEnumerable`1 asyncEnumerable, CancellationToken cancellationToken)
   at SourceOfFund.Services.Services.AccountBalanceService.GetBalance(Int32 accountId, Int32 balanceTypeId) in /var/charts/sources/alahlymomkn.backend/SourceOfFund.Services/Services/AccountBalanceService.cs:line 197
   at SourceOfFund.API.Controllers.V1.AccountsController.GetBalance(Int32 accountId, Int32 balanceTypeId) in /var/charts/sources/alahlymomkn.backend/SourceOfFund.API/Controllers/V1/AccountsController.cs:line 41
2026-06-17 15: 27: 53.501 Received response with Correlation_ID: b3626367-802f-4770-9724-735906e2f032
2026-06-17 17: 41: 17.799 Create request with Correlation_ID: 3d6c9dff-e1f3-4795-9887-8cff00bbf3a3
2026-06-17 17: 41: 17.908 {"LogDate":"2026-06-17","LogTime":"17:41:17.907","LogLevel":"Information","Entity":"Momkn","Module":"TMS","IP":"10.244.8.209","DenominationId":null,"Method":"TransactionHistory","Source":"TMS","Destination":"SOF","BRN":null,"BillingAccount":null,"MessageBody":"[TransactionHistory]","ExtraData":[{"Key":"AccountId","Value":"6"},{"Key":"RequestId","Value":"571365"}],"CorrelationId":"3d6c9dff-e1f3-4795-9887-8cff00bbf3a3"}
2026-06-17 17: 41: 17.925 An error occurred using the connection to database '"SourceOfFund"' on server '"10.90.7.160"'.
2026-06-17 17: 41: 17.929 {"LogDate":"2026-06-17","LogTime":"17:41:17.928","LogLevel":"Error","Entity":"Momkn","Module":"TMS","IP":"10.244.8.209","DenominationId":null,"Method":"TransactionHistory","Source":null,"Destination":null,"BRN":null,"BillingAccount":null,"MessageBody":"[TransactionHistory Exception]","ExtraData":[{"Key":"AccountId","Value":"6"},{"Key":"RequestId","Value":"571365"},{"Key":"TransactionIds","Value":"471068"}],"CorrelationId":"3d6c9dff-e1f3-4795-9887-8cff00bbf3a3"}
Microsoft.Data.SqlClient.SqlException (0x80131904): Cannot open database "SourceOfFund" requested by the login. The login failed.
Login failed for user 'Rana'.
   at Microsoft.Data.ProviderBase.DbConnectionPool.TryGetConnection(DbConnection owningObject, UInt32 waitForMultipleObjectsTimeout, Boolean allowCreate, Boolean onlyOneCheckConnection, DbConnectionOptions userOptions, DbConnectionInternal& connection)
   at Microsoft.Data.ProviderBase.DbConnectionPool.TryGetConnection(DbConnection owningObject, TaskCompletionSource`1 retry, DbConnectionOptions userOptions, DbConnectionInternal& connection)
   at Microsoft.Data.ProviderBase.DbConnectionFactory.TryGetConnection(DbConnection owningConnection, TaskCompletionSource`1 retry, DbConnectionOptions userOptions, DbConnectionInternal oldConnection, DbConnectionInternal& connection)
   at Microsoft.Data.ProviderBase.DbConnectionInternal.TryOpenConnectionInternal(DbConnection outerConnection, DbConnectionFactory connectionFactory, TaskCompletionSource`1 retry, DbConnectionOptions userOptions)
   at Microsoft.Data.SqlClient.SqlConnection.TryOpen(TaskCompletionSource`1 retry, SqlConnectionOverrides overrides)
   at Microsoft.Data.SqlClient.SqlConnection.InternalOpenAsync(CancellationToken cancellationToken)
--- End of stack trace from previous location ---
   at Microsoft.EntityFrameworkCore.Storage.RelationalConnection.OpenInternalAsync(Boolean errorsExpected, CancellationToken cancellationToken)
   at Microsoft.EntityFrameworkCore.Storage.RelationalConnection.OpenInternalAsync(Boolean errorsExpected, CancellationToken cancellationToken)
   at Microsoft.EntityFrameworkCore.Storage.RelationalConnection.OpenAsync(CancellationToken cancellationToken, Boolean errorsExpected)
   at Microsoft.EntityFrameworkCore.Storage.RelationalCommand.ExecuteNonQueryAsync(RelationalCommandParameterObject parameterObject, CancellationToken cancellationToken)
   at Microsoft.EntityFrameworkCore.RelationalDatabaseFacadeExtensions.ExecuteSqlRawAsync(DatabaseFacade databaseFacade, String sql, IEnumerable`1 parameters, CancellationToken cancellationToken)
   at SourceOfFund.Services.Services.AccountBalanceServiceV2.AddTransactionHistory(HoldBalanceDTO model) in /var/charts/sources/alahlymomkn.backend/SourceOfFund.Services/Services/AccountBalanceServiceV2.cs:line 608
   at SourceOfFund.API.Controllers.V2.AccountsController.AddTransactionHistory(Int32 accountId, Int32 requestId, Int32[] transactionIds) in /var/charts/sources/alahlymomkn.backend/SourceOfFund.API/Controllers/V2/AccountsController.cs:line 409
ClientConnectionId:a3512c5e-1f75-4d8b-a906-2a2fcf91a637
Error Number:4060,State:1,Class:11
2026-06-17 17: 41: 17.944 Received response with Correlation_ID: 3d6c9dff-e1f3-4795-9887-8cff00bbf3a3
2026-06-17 17: 52: 22.106 Create request with Correlation_ID: ab685a52-a548-468b-ab49-f3977aff979e
2026-06-17 17: 52: 22.138 {"LogDate":"2026-06-17","LogTime":"17:52:22.138","LogLevel":"Information","Entity":"Momkn","Module":"TMS","IP":"10.244.8.209","DenominationId":null,"Method":"TransactionHistory","Source":"TMS","Destination":"SOF","BRN":null,"BillingAccount":null,"MessageBody":"[TransactionHistory]","ExtraData":[{"Key":"AccountId","Value":"6"},{"Key":"RequestId","Value":"571366"}],"CorrelationId":"ab685a52-a548-468b-ab49-f3977aff979e"}
2026-06-17 17: 52: 32.313 An error occurred using the connection to database '"SourceOfFund"' on server '"10.90.7.160"'.
2026-06-17 17: 52: 32.316 {"LogDate":"2026-06-17","LogTime":"17:52:32.316","LogLevel":"Error","Entity":"Momkn","Module":"TMS","IP":"10.244.8.209","DenominationId":null,"Method":"TransactionHistory","Source":null,"Destination":null,"BRN":null,"BillingAccount":null,"MessageBody":"[TransactionHistory Exception]","ExtraData":[{"Key":"AccountId","Value":"6"},{"Key":"RequestId","Value":"571366"},{"Key":"TransactionIds","Value":"471069"}],"CorrelationId":"ab685a52-a548-468b-ab49-f3977aff979e"}
Microsoft.Data.SqlClient.SqlException (0x80131904): Cannot open database "SourceOfFund" requested by the login. The login failed.
Login failed for user 'Rana'.
   at Microsoft.Data.SqlClient.TdsParser.ThrowExceptionAndWarning(TdsParserStateObject stateObj, Boolean callerHasConnectionLock, Boolean asyncClose)
   at Microsoft.Data.SqlClient.TdsParser.TryRun(RunBehavior runBehavior, SqlCommand cmdHandler, SqlDataReader dataStream, BulkCopySimpleResultSet bulkCopyHandler, TdsParserStateObject stateObj, Boolean& dataReady)
   at Microsoft.Data.SqlClient.TdsParser.Run(RunBehavior runBehavior, SqlCommand cmdHandler, SqlDataReader dataStream, BulkCopySimpleResultSet bulkCopyHandler, TdsParserStateObject stateObj)
   at Microsoft.Data.SqlClient.SqlInternalConnectionTds.CompleteLogin(Boolean enlistOK)
   at Microsoft.Data.SqlClient.SqlInternalConnectionTds.AttemptOneLogin(ServerInfo serverInfo, String newPassword, SecureString newSecurePassword, Boolean ignoreSniOpenTimeout, TimeoutTimer timeout, Boolean withFailover)
   at Microsoft.Data.SqlClient.SqlInternalConnectionTds.LoginNoFailover(ServerInfo serverInfo, String newPassword, SecureString newSecurePassword, Boolean redirectedUserInstance, SqlConnectionString connectionOptions, SqlCredential credential, TimeoutTimer timeout)
   at Microsoft.Data.SqlClient.SqlInternalConnectionTds.OpenLoginEnlist(TimeoutTimer timeout, SqlConnectionString connectionOptions, SqlCredential credential, String newPassword, SecureString newSecurePassword, Boolean redirectedUserInstance)
   at Microsoft.Data.SqlClient.SqlInternalConnectionTds..ctor(DbConnectionPoolIdentity identity, SqlConnectionString connectionOptions, SqlCredential credential, Object providerInfo, String newPassword, SecureString newSecurePassword, Boolean redirectedUserInstance, SqlConnectionString userConnectionOptions, SessionData reconnectSessionData, Boolean applyTransientFaultHandling, String accessToken, DbConnectionPool pool)
   at Microsoft.Data.SqlClient.SqlConnectionFactory.CreateConnection(DbConnectionOptions options, DbConnectionPoolKey poolKey, Object poolGroupProviderInfo, DbConnectionPool pool, DbConnection owningConnection, DbConnectionOptions userOptions)
   at Microsoft.Data.ProviderBase.DbConnectionFactory.CreatePooledConnection(DbConnectionPool pool, DbConnection owningObject, DbConnectionOptions options, DbConnectionPoolKey poolKey, DbConnectionOptions userOptions)
   at Microsoft.Data.ProviderBase.DbConnectionPool.CreateObject(DbConnection owningObject, DbConnectionOptions userOptions, DbConnectionInternal oldConnection)
   at Microsoft.Data.ProviderBase.DbConnectionPool.UserCreateRequest(DbConnection owningObject, DbConnectionOptions userOptions, DbConnectionInternal oldConnection)
   at Microsoft.Data.ProviderBase.DbConnectionPool.TryGetConnection(DbConnection owningObject, UInt32 waitForMultipleObjectsTimeout, Boolean allowCreate, Boolean onlyOneCheckConnection, DbConnectionOptions userOptions, DbConnectionInternal& connection)
   at Microsoft.Data.ProviderBase.DbConnectionPool.WaitForPendingOpen()
--- End of stack trace from previous location ---
   at Microsoft.EntityFrameworkCore.Storage.RelationalConnection.OpenInternalAsync(Boolean errorsExpected, CancellationToken cancellationToken)
   at Microsoft.EntityFrameworkCore.Storage.RelationalConnection.OpenInternalAsync(Boolean errorsExpected, CancellationToken cancellationToken)
   at Microsoft.EntityFrameworkCore.Storage.RelationalConnection.OpenAsync(CancellationToken cancellationToken, Boolean errorsExpected)
   at Microsoft.EntityFrameworkCore.Storage.RelationalCommand.ExecuteNonQueryAsync(RelationalCommandParameterObject parameterObject, CancellationToken cancellationToken)
   at Microsoft.EntityFrameworkCore.RelationalDatabaseFacadeExtensions.ExecuteSqlRawAsync(DatabaseFacade databaseFacade, String sql, IEnumerable`1 parameters, CancellationToken cancellationToken)
   at SourceOfFund.Services.Services.AccountBalanceServiceV2.AddTransactionHistory(HoldBalanceDTO model) in /var/charts/sources/alahlymomkn.backend/SourceOfFund.Services/Services/AccountBalanceServiceV2.cs:line 608
   at SourceOfFund.API.Controllers.V2.AccountsController.AddTransactionHistory(Int32 accountId, Int32 requestId, Int32[] transactionIds) in /var/charts/sources/alahlymomkn.backend/SourceOfFund.API/Controllers/V2/AccountsController.cs:line 409
ClientConnectionId:5890fe22-4228-492d-a283-82740480af11
Error Number:4060,State:1,Class:11
2026-06-17 17: 52: 32.327 Received response with Correlation_ID: ab685a52-a548-468b-ab49-f3977aff979e
2026-06-17 18: 16: 26.103 Create request with Correlation_ID: 4610d00e-cb0d-46f0-8902-eb6d4fc47189
2026-06-17 18: 16: 26.142 {"LogDate":"2026-06-17","LogTime":"18:16:26.142","LogLevel":"Information","Entity":"Momkn","Module":"TMS","IP":"10.244.8.209","DenominationId":null,"Method":"Refund","Source":"TMS","Destination":"SOF","BRN":null,"BillingAccount":null,"MessageBody":"SOF Refund","ExtraData":[{"Key":"AccountId","Value":"6"},{"Key":"RequestId","Value":"571367"}],"CorrelationId":"4610d00e-cb0d-46f0-8902-eb6d4fc47189"}
2026-06-17 18: 16: 26.154 An error occurred using the connection to database '"SourceOfFund"' on server '"10.90.7.160"'.
2026-06-17 18: 16: 26.155 {"LogDate":"2026-06-17","LogTime":"18:16:26.155","LogLevel":"Error","Entity":"Momkn","Module":"TMS","IP":"10.244.8.209","DenominationId":null,"Method":"Refund","Source":null,"Destination":null,"BRN":null,"BillingAccount":null,"MessageBody":"[Refund Exception]","ExtraData":[{"Key":"AccountId","Value":"6"},{"Key":"RequestId","Value":"571367"}],"CorrelationId":"4610d00e-cb0d-46f0-8902-eb6d4fc47189"}
Microsoft.Data.SqlClient.SqlException (0x80131904): Cannot open database "SourceOfFund" requested by the login. The login failed.
Login failed for user 'Rana'.
   at Microsoft.Data.ProviderBase.DbConnectionPool.TryGetConnection(DbConnection owningObject, UInt32 waitForMultipleObjectsTimeout, Boolean allowCreate, Boolean onlyOneCheckConnection, DbConnectionOptions userOptions, DbConnectionInternal& connection)
   at Microsoft.Data.ProviderBase.DbConnectionPool.TryGetConnection(DbConnection owningObject, TaskCompletionSource`1 retry, DbConnectionOptions userOptions, DbConnectionInternal& connection)
   at Microsoft.Data.ProviderBase.DbConnectionFactory.TryGetConnection(DbConnection owningConnection, TaskCompletionSource`1 retry, DbConnectionOptions userOptions, DbConnectionInternal oldConnection, DbConnectionInternal& connection)
   at Microsoft.Data.ProviderBase.DbConnectionInternal.TryOpenConnectionInternal(DbConnection outerConnection, DbConnectionFactory connectionFactory, TaskCompletionSource`1 retry, DbConnectionOptions userOptions)
   at Microsoft.Data.SqlClient.SqlConnection.TryOpen(TaskCompletionSource`1 retry, SqlConnectionOverrides overrides)
   at Microsoft.Data.SqlClient.SqlConnection.InternalOpenAsync(CancellationToken cancellationToken)
--- End of stack trace from previous location ---
   at Microsoft.EntityFrameworkCore.Storage.RelationalConnection.OpenInternalAsync(Boolean errorsExpected, CancellationToken cancellationToken)
   at Microsoft.EntityFrameworkCore.Storage.RelationalConnection.OpenInternalAsync(Boolean errorsExpected, CancellationToken cancellationToken)
   at Microsoft.EntityFrameworkCore.Storage.RelationalConnection.OpenAsync(CancellationToken cancellationToken, Boolean errorsExpected)
   at Microsoft.EntityFrameworkCore.Storage.RelationalCommand.ExecuteNonQueryAsync(RelationalCommandParameterObject parameterObject, CancellationToken cancellationToken)
   at Microsoft.EntityFrameworkCore.RelationalDatabaseFacadeExtensions.ExecuteSqlRawAsync(DatabaseFacade databaseFacade, String sql, IEnumerable`1 parameters, CancellationToken cancellationToken)
   at SourceOfFund.Services.Services.AccountBalanceServiceV2.ManualRefundAmount(HoldBalanceDTO model) in /var/charts/sources/alahlymomkn.backend/SourceOfFund.Services/Services/AccountBalanceServiceV2.cs:line 193
   at SourceOfFund.API.Controllers.V2.AccountsController.ManualRefund(Int32 accountId, Int32 requestId, Int32 balanceTypeId, Int32[] transactionIds) in /var/charts/sources/alahlymomkn.backend/SourceOfFund.API/Controllers/V2/AccountsController.cs:line 144
ClientConnectionId:a1e5064c-8c39-4195-822d-e0d1361247c0
Error Number:4060,State:1,Class:11
2026-06-17 18: 16: 26.166 Received response with Correlation_ID: 4610d00e-cb0d-46f0-8902-eb6d4fc47189
2026-06-17 18: 24: 24.094 Create request with Correlation_ID: 9d31d3af-5e3a-487d-a492-f9d9963dad84
2026-06-17 18: 24: 24.100 {"LogDate":"2026-06-17","LogTime":"18:24:24.100","LogLevel":"Information","Entity":"Momkn","Module":"TMS","IP":"10.244.8.209","DenominationId":null,"Method":"Refund","Source":"TMS","Destination":"SOF","BRN":null,"BillingAccount":null,"MessageBody":"SOF Refund","ExtraData":[{"Key":"AccountId","Value":"6"},{"Key":"RequestId","Value":"571368"}],"CorrelationId":"9d31d3af-5e3a-487d-a492-f9d9963dad84"}
2026-06-17 18: 24: 34.134 An error occurred using the connection to database '"SourceOfFund"' on server '"10.90.7.160"'.
2026-06-17 18: 24: 34.137 {"LogDate":"2026-06-17","LogTime":"18:24:34.137","LogLevel":"Error","Entity":"Momkn","Module":"TMS","IP":"10.244.8.209","DenominationId":null,"Method":"Refund","Source":null,"Destination":null,"BRN":null,"BillingAccount":null,"MessageBody":"[Refund Exception]","ExtraData":[{"Key":"AccountId","Value":"6"},{"Key":"RequestId","Value":"571368"}],"CorrelationId":"9d31d3af-5e3a-487d-a492-f9d9963dad84"}
Microsoft.Data.SqlClient.SqlException (0x80131904): Cannot open database "SourceOfFund" requested by the login. The login failed.
Login failed for user 'Rana'.
   at Microsoft.Data.SqlClient.TdsParser.ThrowExceptionAndWarning(TdsParserStateObject stateObj, Boolean callerHasConnectionLock, Boolean asyncClose)
   at Microsoft.Data.SqlClient.TdsParser.TryRun(RunBehavior runBehavior, SqlCommand cmdHandler, SqlDataReader dataStream, BulkCopySimpleResultSet bulkCopyHandler, TdsParserStateObject stateObj, Boolean& dataReady)
   at Microsoft.Data.SqlClient.TdsParser.Run(RunBehavior runBehavior, SqlCommand cmdHandler, SqlDataReader dataStream, BulkCopySimpleResultSet bulkCopyHandler, TdsParserStateObject stateObj)
   at Microsoft.Data.SqlClient.SqlInternalConnectionTds.CompleteLogin(Boolean enlistOK)
   at Microsoft.Data.SqlClient.SqlInternalConnectionTds.AttemptOneLogin(ServerInfo serverInfo, String newPassword, SecureString newSecurePassword, Boolean ignoreSniOpenTimeout, TimeoutTimer timeout, Boolean withFailover)
   at Microsoft.Data.SqlClient.SqlInternalConnectionTds.LoginNoFailover(ServerInfo serverInfo, String newPassword, SecureString newSecurePassword, Boolean redirectedUserInstance, SqlConnectionString connectionOptions, SqlCredential credential, TimeoutTimer timeout)
   at Microsoft.Data.SqlClient.SqlInternalConnectionTds.OpenLoginEnlist(TimeoutTimer timeout, SqlConnectionString connectionOptions, SqlCredential credential, String newPassword, SecureString newSecurePassword, Boolean redirectedUserInstance)
   at Microsoft.Data.SqlClient.SqlInternalConnectionTds..ctor(DbConnectionPoolIdentity identity, SqlConnectionString connectionOptions, SqlCredential credential, Object providerInfo, String newPassword, SecureString newSecurePassword, Boolean redirectedUserInstance, SqlConnectionString userConnectionOptions, SessionData reconnectSessionData, Boolean applyTransientFaultHandling, String accessToken, DbConnectionPool pool)
   at Microsoft.Data.SqlClient.SqlConnectionFactory.CreateConnection(DbConnectionOptions options, DbConnectionPoolKey poolKey, Object poolGroupProviderInfo, DbConnectionPool pool, DbConnection owningConnection, DbConnectionOptions userOptions)
   at Microsoft.Data.ProviderBase.DbConnectionFactory.CreatePooledConnection(DbConnectionPool pool, DbConnection owningObject, DbConnectionOptions options, DbConnectionPoolKey poolKey, DbConnectionOptions userOptions)
   at Microsoft.Data.ProviderBase.DbConnectionPool.CreateObject(DbConnection owningObject, DbConnectionOptions userOptions, DbConnectionInternal oldConnection)
   at Microsoft.Data.ProviderBase.DbConnectionPool.UserCreateRequest(DbConnection owningObject, DbConnectionOptions userOptions, DbConnectionInternal oldConnection)
   at Microsoft.Data.ProviderBase.DbConnectionPool.TryGetConnection(DbConnection owningObject, UInt32 waitForMultipleObjectsTimeout, Boolean allowCreate, Boolean onlyOneCheckConnection, DbConnectionOptions userOptions, DbConnectionInternal& connection)
   at Microsoft.Data.ProviderBase.DbConnectionPool.WaitForPendingOpen()
--- End of stack trace from previous location ---
   at Microsoft.EntityFrameworkCore.Storage.RelationalConnection.OpenInternalAsync(Boolean errorsExpected, CancellationToken cancellationToken)
   at Microsoft.EntityFrameworkCore.Storage.RelationalConnection.OpenInternalAsync(Boolean errorsExpected, CancellationToken cancellationToken)
   at Microsoft.EntityFrameworkCore.Storage.RelationalConnection.OpenAsync(CancellationToken cancellationToken, Boolean errorsExpected)
   at Microsoft.EntityFrameworkCore.Storage.RelationalCommand.ExecuteNonQueryAsync(RelationalCommandParameterObject parameterObject, CancellationToken cancellationToken)
   at Microsoft.EntityFrameworkCore.RelationalDatabaseFacadeExtensions.ExecuteSqlRawAsync(DatabaseFacade databaseFacade, String sql, IEnumerable`1 parameters, CancellationToken cancellationToken)
   at SourceOfFund.Services.Services.AccountBalanceServiceV2.ManualRefundAmount(HoldBalanceDTO model) in /var/charts/sources/alahlymomkn.backend/SourceOfFund.Services/Services/AccountBalanceServiceV2.cs:line 193
   at SourceOfFund.API.Controllers.V2.AccountsController.ManualRefund(Int32 accountId, Int32 requestId, Int32 balanceTypeId, Int32[] transactionIds) in /var/charts/sources/alahlymomkn.backend/SourceOfFund.API/Controllers/V2/AccountsController.cs:line 144
ClientConnectionId:6020fcc4-f531-453f-abca-72cbe43c3502
Error Number:4060,State:1,Class:11
2026-06-17 18: 24: 34.145 Received response with Correlation_ID: 9d31d3af-5e3a-487d-a492-f9d9963dad84
2026-06-17 18: 34: 28.863 Create request with Correlation_ID: 2a905b79-c56f-432d-9f80-dfade7147018
2026-06-17 18: 34: 28.865 {"LogDate":"2026-06-17","LogTime":"18:34:28.865","LogLevel":"Information","Entity":"Momkn","Module":"TMS","IP":"10.244.8.209","DenominationId":null,"Method":"Refund","Source":"TMS","Destination":"SOF","BRN":null,"BillingAccount":null,"MessageBody":"SOF Refund","ExtraData":[{"Key":"AccountId","Value":"6"},{"Key":"RequestId","Value":"571370"}],"CorrelationId":"2a905b79-c56f-432d-9f80-dfade7147018"}
2026-06-17 18: 34: 39.049 An error occurred using the connection to database '"SourceOfFund"' on server '"10.90.7.160"'.
2026-06-17 18: 34: 39.050 {"LogDate":"2026-06-17","LogTime":"18:34:39.050","LogLevel":"Error","Entity":"Momkn","Module":"TMS","IP":"10.244.8.209","DenominationId":null,"Method":"Refund","Source":null,"Destination":null,"BRN":null,"BillingAccount":null,"MessageBody":"[Refund Exception]","ExtraData":[{"Key":"AccountId","Value":"6"},{"Key":"RequestId","Value":"571370"}],"CorrelationId":"2a905b79-c56f-432d-9f80-dfade7147018"}
Microsoft.Data.SqlClient.SqlException (0x80131904): Cannot open database "SourceOfFund" requested by the login. The login failed.
Login failed for user 'Rana'.
   at Microsoft.Data.SqlClient.TdsParser.ThrowExceptionAndWarning(TdsParserStateObject stateObj, Boolean callerHasConnectionLock, Boolean asyncClose)
   at Microsoft.Data.SqlClient.TdsParser.TryRun(RunBehavior runBehavior, SqlCommand cmdHandler, SqlDataReader dataStream, BulkCopySimpleResultSet bulkCopyHandler, TdsParserStateObject stateObj, Boolean& dataReady)
   at Microsoft.Data.SqlClient.TdsParser.Run(RunBehavior runBehavior, SqlCommand cmdHandler, SqlDataReader dataStream, BulkCopySimpleResultSet bulkCopyHandler, TdsParserStateObject stateObj)
   at Microsoft.Data.SqlClient.SqlInternalConnectionTds.CompleteLogin(Boolean enlistOK)
   at Microsoft.Data.SqlClient.SqlInternalConnectionTds.AttemptOneLogin(ServerInfo serverInfo, String newPassword, SecureString newSecurePassword, Boolean ignoreSniOpenTimeout, TimeoutTimer timeout, Boolean withFailover)
   at Microsoft.Data.SqlClient.SqlInternalConnectionTds.LoginNoFailover(ServerInfo serverInfo, String newPassword, SecureString newSecurePassword, Boolean redirectedUserInstance, SqlConnectionString connectionOptions, SqlCredential credential, TimeoutTimer timeout)
   at Microsoft.Data.SqlClient.SqlInternalConnectionTds.OpenLoginEnlist(TimeoutTimer timeout, SqlConnectionString connectionOptions, SqlCredential credential, String newPassword, SecureString newSecurePassword, Boolean redirectedUserInstance)
   at Microsoft.Data.SqlClient.SqlInternalConnectionTds..ctor(DbConnectionPoolIdentity identity, SqlConnectionString connectionOptions, SqlCredential credential, Object providerInfo, String newPassword, SecureString newSecurePassword, Boolean redirectedUserInstance, SqlConnectionString userConnectionOptions, SessionData reconnectSessionData, Boolean applyTransientFaultHandling, String accessToken, DbConnectionPool pool)
   at Microsoft.Data.SqlClient.SqlConnectionFactory.CreateConnection(DbConnectionOptions options, DbConnectionPoolKey poolKey, Object poolGroupProviderInfo, DbConnectionPool pool, DbConnection owningConnection, DbConnectionOptions userOptions)
   at Microsoft.Data.ProviderBase.DbConnectionFactory.CreatePooledConnection(DbConnectionPool pool, DbConnection owningObject, DbConnectionOptions options, DbConnectionPoolKey poolKey, DbConnectionOptions userOptions)
   at Microsoft.Data.ProviderBase.DbConnectionPool.CreateObject(DbConnection owningObject, DbConnectionOptions userOptions, DbConnectionInternal oldConnection)
   at Microsoft.Data.ProviderBase.DbConnectionPool.UserCreateRequest(DbConnection owningObject, DbConnectionOptions userOptions, DbConnectionInternal oldConnection)
   at Microsoft.Data.ProviderBase.DbConnectionPool.TryGetConnection(DbConnection owningObject, UInt32 waitForMultipleObjectsTimeout, Boolean allowCreate, Boolean onlyOneCheckConnection, DbConnectionOptions userOptions, DbConnectionInternal& connection)
   at Microsoft.Data.ProviderBase.DbConnectionPool.WaitForPendingOpen()
--- End of stack trace from previous location ---
   at Microsoft.EntityFrameworkCore.Storage.RelationalConnection.OpenInternalAsync(Boolean errorsExpected, CancellationToken cancellationToken)
   at Microsoft.EntityFrameworkCore.Storage.RelationalConnection.OpenInternalAsync(Boolean errorsExpected, CancellationToken cancellationToken)
   at Microsoft.EntityFrameworkCore.Storage.RelationalConnection.OpenAsync(CancellationToken cancellationToken, Boolean errorsExpected)
   at Microsoft.EntityFrameworkCore.Storage.RelationalCommand.ExecuteNonQueryAsync(RelationalCommandParameterObject parameterObject, CancellationToken cancellationToken)
   at Microsoft.EntityFrameworkCore.RelationalDatabaseFacadeExtensions.ExecuteSqlRawAsync(DatabaseFacade databaseFacade, String sql, IEnumerable`1 parameters, CancellationToken cancellationToken)
   at SourceOfFund.Services.Services.AccountBalanceServiceV2.ManualRefundAmount(HoldBalanceDTO model) in /var/charts/sources/alahlymomkn.backend/SourceOfFund.Services/Services/AccountBalanceServiceV2.cs:line 193
   at SourceOfFund.API.Controllers.V2.AccountsController.ManualRefund(Int32 accountId, Int32 requestId, Int32 balanceTypeId, Int32[] transactionIds) in /var/charts/sources/alahlymomkn.backend/SourceOfFund.API/Controllers/V2/AccountsController.cs:line 144
ClientConnectionId:493ddea4-4491-4b19-b28c-69b2c6c44524
Error Number:4060,State:1,Class:11
2026-06-17 18: 34: 39.061 Received response with Correlation_ID: 2a905b79-c56f-432d-9f80-dfade7147018
2026-06-17 19: 51: 36.573 Create request with Correlation_ID: 48724b5f-e7ff-4a93-9e13-c5a66c208086
2026-06-17 19: 51: 46.645 An error occurred using the connection to database '"SourceOfFund"' on server '"10.90.7.160"'.
2026-06-17 19: 51: 46.655 An error occurred using the connection to database '"SourceOfFund"' on server '"10.90.7.160"'.
2026-06-17 19: 51: 47.687 An error occurred using the connection to database '"SourceOfFund"' on server '"10.90.7.160"'.
2026-06-17 19: 51: 50.704 An error occurred using the connection to database '"SourceOfFund"' on server '"10.90.7.160"'.
2026-06-17 19: 51: 50.709 An exception occurred while iterating over the results of a query for context type '"SourceOfFund.Data.ApplicationDbContext"'."
""Microsoft.EntityFrameworkCore.Storage.RetryLimitExceededException: The maximum number of retries (3) was exceeded while executing database operations with 'SqlServerRetryingExecutionStrategy'. See the inner exception for the most recent failure.
 ---> Microsoft.Data.SqlClient.SqlException (0x80131904): Cannot open database \"SourceOfFund\" requested by the login. The login failed.
Login failed for user 'Rana'.
   at Microsoft.Data.ProviderBase.DbConnectionPool.TryGetConnection(DbConnection owningObject, UInt32 waitForMultipleObjectsTimeout, Boolean allowCreate, Boolean onlyOneCheckConnection, DbConnectionOptions userOptions, DbConnectionInternal& connection)
   at Microsoft.Data.ProviderBase.DbConnectionPool.TryGetConnection(DbConnection owningObject, TaskCompletionSource`1 retry, DbConnectionOptions userOptions, DbConnectionInternal& connection)
   at Microsoft.Data.ProviderBase.DbConnectionFactory.TryGetConnection(DbConnection owningConnection, TaskCompletionSource`1 retry, DbConnectionOptions userOptions, DbConnectionInternal oldConnection, DbConnectionInternal& connection)
   at Microsoft.Data.ProviderBase.DbConnectionInternal.TryOpenConnectionInternal(DbConnection outerConnection, DbConnectionFactory connectionFactory, TaskCompletionSource`1 retry, DbConnectionOptions userOptions)
   at Microsoft.Data.SqlClient.SqlConnection.TryOpen(TaskCompletionSource`1 retry, SqlConnectionOverrides overrides)
   at Microsoft.Data.SqlClient.SqlConnection.InternalOpenAsync(CancellationToken cancellationToken)
--- End of stack trace from previous location ---
   at Microsoft.EntityFrameworkCore.Storage.RelationalConnection.OpenInternalAsync(Boolean errorsExpected, CancellationToken cancellationToken)
   at Microsoft.EntityFrameworkCore.Storage.RelationalConnection.OpenInternalAsync(Boolean errorsExpected, CancellationToken cancellationToken)
   at Microsoft.EntityFrameworkCore.Storage.RelationalConnection.OpenAsync(CancellationToken cancellationToken, Boolean errorsExpected)
   at Microsoft.EntityFrameworkCore.Storage.RelationalCommand.ExecuteReaderAsync(RelationalCommandParameterObject parameterObject, CancellationToken cancellationToken)
   at Microsoft.EntityFrameworkCore.Query.Internal.SplitQueryingEnumerable`1.AsyncEnumerator.InitializeReaderAsync(AsyncEnumerator enumerator, CancellationToken cancellationToken)
   at Microsoft.EntityFrameworkCore.Storage.ExecutionStrategy.<>c__DisplayClass30_0`2.<<ExecuteAsync>b__0>d.MoveNext()
--- End of stack trace from previous location ---
   at Microsoft.EntityFrameworkCore.Storage.ExecutionStrategy.ExecuteImplementationAsync[TState,TResult](Func`4 operation, Func`4 verifySucceeded, TState state, CancellationToken cancellationToken)
ClientConnectionId:f8851605-71d2-4a85-ba74-dd1f6385df41
Error Number:4060,State:1,Class:11
   --- End of inner exception stack trace ---
   at Microsoft.EntityFrameworkCore.Storage.ExecutionStrategy.ExecuteImplementationAsync[TState,TResult](Func`4 operation, Func`4 verifySucceeded, TState state, CancellationToken cancellationToken)
   at Microsoft.EntityFrameworkCore.Storage.ExecutionStrategy.ExecuteAsync[TState,TResult](TState state, Func`4 operation, Func`4 verifySucceeded, CancellationToken cancellationToken)
   at Microsoft.EntityFrameworkCore.Query.Internal.SplitQueryingEnumerable`1.AsyncEnumerator.MoveNextAsync()"
Microsoft.EntityFrameworkCore.Storage.RetryLimitExceededException: The maximum number of retries (3) was exceeded while executing database operations with 'SqlServerRetryingExecutionStrategy'. See the inner exception for the most recent failure.
 ---> Microsoft.Data.SqlClient.SqlException (0x80131904): Cannot open database "SourceOfFund" requested by the login. The login failed.
Login failed for user 'Rana'.
   at Microsoft.Data.ProviderBase.DbConnectionPool.TryGetConnection(DbConnection owningObject, UInt32 waitForMultipleObjectsTimeout, Boolean allowCreate, Boolean onlyOneCheckConnection, DbConnectionOptions userOptions, DbConnectionInternal& connection)
   at Microsoft.Data.ProviderBase.DbConnectionPool.TryGetConnection(DbConnection owningObject, TaskCompletionSource`1 retry, DbConnectionOptions userOptions, DbConnectionInternal& connection)
   at Microsoft.Data.ProviderBase.DbConnectionFactory.TryGetConnection(DbConnection owningConnection, TaskCompletionSource`1 retry, DbConnectionOptions userOptions, DbConnectionInternal oldConnection, DbConnectionInternal& connection)
   at Microsoft.Data.ProviderBase.DbConnectionInternal.TryOpenConnectionInternal(DbConnection outerConnection, DbConnectionFactory connectionFactory, TaskCompletionSource`1 retry, DbConnectionOptions userOptions)
   at Microsoft.Data.SqlClient.SqlConnection.TryOpen(TaskCompletionSource`1 retry, SqlConnectionOverrides overrides)
   at Microsoft.Data.SqlClient.SqlConnection.InternalOpenAsync(CancellationToken cancellationToken)
--- End of stack trace from previous location ---
   at Microsoft.EntityFrameworkCore.Storage.RelationalConnection.OpenInternalAsync(Boolean errorsExpected, CancellationToken cancellationToken)
   at Microsoft.EntityFrameworkCore.Storage.RelationalConnection.OpenInternalAsync(Boolean errorsExpected, CancellationToken cancellationToken)
   at Microsoft.EntityFrameworkCore.Storage.RelationalConnection.OpenAsync(CancellationToken cancellationToken, Boolean errorsExpected)
   at Microsoft.EntityFrameworkCore.Storage.RelationalCommand.ExecuteReaderAsync(RelationalCommandParameterObject parameterObject, CancellationToken cancellationToken)
   at Microsoft.EntityFrameworkCore.Query.Internal.SplitQueryingEnumerable`1.AsyncEnumerator.InitializeReaderAsync(AsyncEnumerator enumerator, CancellationToken cancellationToken)
   at Microsoft.EntityFrameworkCore.Storage.ExecutionStrategy.<>c__DisplayClass30_0`2.<<ExecuteAsync>b__0>d.MoveNext()
--- End of stack trace from previous location ---
   at Microsoft.EntityFrameworkCore.Storage.ExecutionStrategy.ExecuteImplementationAsync[TState,TResult](Func`4 operation, Func`4 verifySucceeded, TState state, CancellationToken cancellationToken)
ClientConnectionId:f8851605-71d2-4a85-ba74-dd1f6385df41
Error Number:4060,State:1,Class:11
   --- End of inner exception stack trace ---
   at Microsoft.EntityFrameworkCore.Storage.ExecutionStrategy.ExecuteImplementationAsync[TState,TResult](Func`4 operation, Func`4 verifySucceeded, TState state, CancellationToken cancellationToken)
   at Microsoft.EntityFrameworkCore.Storage.ExecutionStrategy.ExecuteAsync[TState,TResult](TState state, Func`4 operation, Func`4 verifySucceeded, CancellationToken cancellationToken)
   at Microsoft.EntityFrameworkCore.Query.Internal.SplitQueryingEnumerable`1.AsyncEnumerator.MoveNextAsync()
2026-06-17 19: 51: 50.716 {"LogDate":"2026-06-17","LogTime":"19:51:50.715","LogLevel":"Error","Entity":"Momkn","Module":"TMS","IP":"10.244.8.209","DenominationId":null,"Method":"GetBalance","Source":null,"Destination":null,"BRN":null,"BillingAccount":null,"MessageBody":"Exception","ExtraData":[{"Key":"AccountId","Value":"132389"},{"Key":"BalanceTypeId","Value":"1"}],"CorrelationId":"48724b5f-e7ff-4a93-9e13-c5a66c208086"}
Microsoft.EntityFrameworkCore.Storage.RetryLimitExceededException: The maximum number of retries (3) was exceeded while executing database operations with 'SqlServerRetryingExecutionStrategy'. See the inner exception for the most recent failure.
 ---> Microsoft.Data.SqlClient.SqlException (0x80131904): Cannot open database "SourceOfFund" requested by the login. The login failed.
Login failed for user 'Rana'.
   at Microsoft.Data.ProviderBase.DbConnectionPool.TryGetConnection(DbConnection owningObject, UInt32 waitForMultipleObjectsTimeout, Boolean allowCreate, Boolean onlyOneCheckConnection, DbConnectionOptions userOptions, DbConnectionInternal& connection)
   at Microsoft.Data.ProviderBase.DbConnectionPool.TryGetConnection(DbConnection owningObject, TaskCompletionSource`1 retry, DbConnectionOptions userOptions, DbConnectionInternal& connection)
   at Microsoft.Data.ProviderBase.DbConnectionFactory.TryGetConnection(DbConnection owningConnection, TaskCompletionSource`1 retry, DbConnectionOptions userOptions, DbConnectionInternal oldConnection, DbConnectionInternal& connection)
   at Microsoft.Data.ProviderBase.DbConnectionInternal.TryOpenConnectionInternal(DbConnection outerConnection, DbConnectionFactory connectionFactory, TaskCompletionSource`1 retry, DbConnectionOptions userOptions)
   at Microsoft.Data.SqlClient.SqlConnection.TryOpen(TaskCompletionSource`1 retry, SqlConnectionOverrides overrides)
   at Microsoft.Data.SqlClient.SqlConnection.InternalOpenAsync(CancellationToken cancellationToken)
--- End of stack trace from previous location ---
   at Microsoft.EntityFrameworkCore.Storage.RelationalConnection.OpenInternalAsync(Boolean errorsExpected, CancellationToken cancellationToken)
   at Microsoft.EntityFrameworkCore.Storage.RelationalConnection.OpenInternalAsync(Boolean errorsExpected, CancellationToken cancellationToken)
   at Microsoft.EntityFrameworkCore.Storage.RelationalConnection.OpenAsync(CancellationToken cancellationToken, Boolean errorsExpected)
   at Microsoft.EntityFrameworkCore.Storage.RelationalCommand.ExecuteReaderAsync(RelationalCommandParameterObject parameterObject, CancellationToken cancellationToken)
   at Microsoft.EntityFrameworkCore.Query.Internal.SplitQueryingEnumerable`1.AsyncEnumerator.InitializeReaderAsync(AsyncEnumerator enumerator, CancellationToken cancellationToken)
   at Microsoft.EntityFrameworkCore.Storage.ExecutionStrategy.<>c__DisplayClass30_0`2.<<ExecuteAsync>b__0>d.MoveNext()
--- End of stack trace from previous location ---
   at Microsoft.EntityFrameworkCore.Storage.ExecutionStrategy.ExecuteImplementationAsync[TState,TResult](Func`4 operation, Func`4 verifySucceeded, TState state, CancellationToken cancellationToken)
ClientConnectionId:f8851605-71d2-4a85-ba74-dd1f6385df41
Error Number:4060,State:1,Class:11
   --- End of inner exception stack trace ---
   at Microsoft.EntityFrameworkCore.Storage.ExecutionStrategy.ExecuteImplementationAsync[TState,TResult](Func`4 operation, Func`4 verifySucceeded, TState state, CancellationToken cancellationToken)
   at Microsoft.EntityFrameworkCore.Storage.ExecutionStrategy.ExecuteAsync[TState,TResult](TState state, Func`4 operation, Func`4 verifySucceeded, CancellationToken cancellationToken)
   at Microsoft.EntityFrameworkCore.Query.Internal.SplitQueryingEnumerable`1.AsyncEnumerator.MoveNextAsync()
   at Microsoft.EntityFrameworkCore.Query.ShapedQueryCompilingExpressionVisitor.SingleOrDefaultAsync[TSource](IAsyncEnumerable`1 asyncEnumerable, CancellationToken cancellationToken)
   at Microsoft.EntityFrameworkCore.Query.ShapedQueryCompilingExpressionVisitor.SingleOrDefaultAsync[TSource](IAsyncEnumerable`1 asyncEnumerable, CancellationToken cancellationToken)
   at SourceOfFund.Services.Services.AccountBalanceService.GetBalance(Int32 accountId, Int32 balanceTypeId) in /var/charts/sources/alahlymomkn.backend/SourceOfFund.Services/Services/AccountBalanceService.cs:line 197
   at SourceOfFund.API.Controllers.V1.AccountsController.GetBalance(Int32 accountId, Int32 balanceTypeId) in /var/charts/sources/alahlymomkn.backend/SourceOfFund.API/Controllers/V1/AccountsController.cs:line 41
2026-06-17 19: 51: 50.723 Received response with Correlation_ID: 48724b5f-e7ff-4a93-9e13-c5a66c208086
2026-06-21 04: 00: 14.327 {"LogDate":"2026-06-21","LogTime":"04:00:14.327","LogLevel":"Information","Entity":"Momkn","Module":"TMS","IP":"10.244.8.209","DenominationId":null,"Method":"AddCommission","Source":"SOF","Destination":"SOF","BRN":null,"BillingAccount":null,"MessageBody":"[Start-Commission]","ExtraData":null,"CorrelationId":""}
2026-06-21 04: 00: 14.329 {"LogDate":"2026-06-21","LogTime":"04:00:14.329","LogLevel":"Information","Entity":"Momkn","Module":"TMS","IP":"10.244.8.209","DenominationId":null,"Method":"AddCommission","Source":"SOF","Destination":"SOF","BRN":null,"BillingAccount":null,"MessageBody":"[DisableServices]","ExtraData":null,"CorrelationId":""}
2026-06-21 04: 00: 14.346 [Start-Commission-DisableServices] - Disabled 287 services
2026-06-21 04: 00: 14.346 {"LogDate":"2026-06-21","LogTime":"04:00:14.346","LogLevel":"Information","Entity":"Momkn","Module":"TMS","IP":"10.244.8.209","DenominationId":null,"Method":"AddCommission","Source":"SOF","Destination":"SOF","BRN":null,"BillingAccount":null,"MessageBody":"[DisableLogin]","ExtraData":null,"CorrelationId":""}
2026-06-21 04: 00: 14.347 [Start-Commission-DisableLogin] - Login username: 
2026-06-21 04: 00: 14.347 {"LogDate":"2026-06-21","LogTime":"04:00:14.347","LogLevel":"Information","Entity":"Momkn","Module":"TMS","IP":"10.244.8.209","DenominationId":null,"Method":"AddCommission","Source":"SOF","Destination":"SOF","BRN":null,"BillingAccount":null,"MessageBody":"[Sleep one minute]","ExtraData":null,"CorrelationId":""}
2026-06-21 04: 01: 14.353 {"LogDate":"2026-06-21","LogTime":"04:01:14.353","LogLevel":"Information","Entity":"Momkn","Module":"TMS","IP":"10.244.8.209","DenominationId":null,"Method":"AddCommission","Source":"SOF","Destination":"SOF","BRN":null,"BillingAccount":null,"MessageBody":"[Start-Commission-SetRequestAndTransaction] - Start Set Request And ransactions in db","ExtraData":null,"CorrelationId":""}
2026-06-21 04: 01: 14.353 {"LogDate":"2026-06-21","LogTime":"04:01:14.353","LogLevel":"Information","Entity":"Momkn","Module":"TMS","IP":"10.244.8.209","DenominationId":null,"Method":"AddCommission","Source":"SOF","Destination":"SOF","BRN":null,"BillingAccount":null,"MessageBody":"[Start-Commission-SetRequestAndTransaction] - number of days to take -1","ExtraData":null,"CorrelationId":""}
2026-06-21 04: 01: 14.847 {"LogDate":"2026-06-21","LogTime":"04:01:14.846","LogLevel":"Information","Entity":"Momkn","Module":"TMS","IP":"10.244.8.209","DenominationId":null,"Method":"AddCommission","Source":"SOF","Destination":"SOF","BRN":null,"BillingAccount":null,"MessageBody":"[Start-Commission-SetRequestAndTransaction] - End and the returned transactions count: 0, request id: 0","ExtraData":[{"Key":"AccountId","Value":"26456"}],"CorrelationId":""}
2026-06-21 04: 01: 14.847 {"LogDate":"2026-06-21","LogTime":"04:01:14.847","LogLevel":"Error","Entity":"Momkn","Module":"TMS","IP":"10.244.8.209","DenominationId":null,"Method":"AddCommission","Source":null,"Destination":null,"BRN":null,"BillingAccount":null,"MessageBody":"[Start-Commission-SetRequestAndTransaction] - SetCommissionForSourceOfFundBulk Procedure returned empty recored","ExtraData":[{"Key":"AccountId","Value":"26456"}],"CorrelationId":null}
2026-06-21 04: 01: 14.847 {"LogDate":"2026-06-21","LogTime":"04:01:14.847","LogLevel":"Error","Entity":"Momkn","Module":"TMS","IP":"10.244.8.209","DenominationId":null,"Method":"AddCommission","Source":null,"Destination":null,"BRN":null,"BillingAccount":null,"MessageBody":"[ErrorAddCommission]","ExtraData":null,"CorrelationId":null}
Backend.Infrastructure.Helpers.BackendException: SetCommissionForSourceOfFundBulk Procedure returned empty recored
   at SourceOfFund.Services.Services.CommissionService.ManageCommissions(Int32 fromAccountId) in /var/charts/sources/alahlymomkn.backend/SourceOfFund.Services/Services/CommissionService.cs:line 84
   at SourceOfFund.Services.Services.CommissionService.AddCommission() in /var/charts/sources/alahlymomkn.backend/SourceOfFund.Services/Services/CommissionService.cs:line 59
2026-06-21 04: 01: 14.849 {"LogDate":"2026-06-21","LogTime":"04:01:14.848","LogLevel":"Information","Entity":"Momkn","Module":"TMS","IP":"10.244.8.209","DenominationId":null,"Method":"AddCommission","Source":"SOF","Destination":"SOF","BRN":null,"BillingAccount":null,"MessageBody":"[EnableLogin]","ExtraData":null,"CorrelationId":""}
2026-06-21 04: 01: 14.849 [Start-Commission-EnableLogin] - Login username: 
2026-06-21 04: 01: 14.849 {"LogDate":"2026-06-21","LogTime":"04:01:14.849","LogLevel":"Information","Entity":"Momkn","Module":"TMS","IP":"10.244.8.209","DenominationId":null,"Method":"AddCommission","Source":"SOF","Destination":"SOF","BRN":null,"BillingAccount":null,"MessageBody":"[EnableServices]","ExtraData":null,"CorrelationId":""}
2026-06-21 04: 01: 14.862 [Start-Commission-EnableServices] - Enabled 287 services
2026-06-21 04: 01: 14.862 {"LogDate":"2026-06-21","LogTime":"04:01:14.862","LogLevel":"Information","Entity":"Momkn","Module":"TMS","IP":"10.244.8.209","DenominationId":null,"Method":"AddCommission","Source":"SOF","Destination":"SOF","BRN":null,"BillingAccount":null,"MessageBody":"[End-Commission]","ExtraData":null,"CorrelationId":""}
2026-06-21 12: 17: 56.559 Create request with Correlation_ID: a6a1ba75-1a14-440e-ae22-4381ffd2d843
2026-06-21 12: 17: 56.564 An error occurred using the connection to database '"SourceOfFund"' on server '"10.90.7.160"'.
2026-06-21 12: 17: 56.565 An error occurred using the connection to database '"SourceOfFund"' on server '"10.90.7.160"'.
2026-06-21 12: 17: 57.646 An error occurred using the connection to database '"SourceOfFund"' on server '"10.90.7.160"'.
2026-06-21 12: 18: 00.827 An error occurred using the connection to database '"SourceOfFund"' on server '"10.90.7.160"'.
2026-06-21 12: 18: 00.832 An exception occurred while iterating over the results of a query for context type '"SourceOfFund.Data.ApplicationDbContext"'."
""Microsoft.EntityFrameworkCore.Storage.RetryLimitExceededException: The maximum number of retries (3) was exceeded while executing database operations with 'SqlServerRetryingExecutionStrategy'. See the inner exception for the most recent failure.
 ---> Microsoft.Data.SqlClient.SqlException (0x80131904): Cannot open database \"SourceOfFund\" requested by the login. The login failed.
Login failed for user 'Rana'.
   at Microsoft.Data.ProviderBase.DbConnectionPool.TryGetConnection(DbConnection owningObject, UInt32 waitForMultipleObjectsTimeout, Boolean allowCreate, Boolean onlyOneCheckConnection, DbConnectionOptions userOptions, DbConnectionInternal& connection)
   at Microsoft.Data.ProviderBase.DbConnectionPool.TryGetConnection(DbConnection owningObject, TaskCompletionSource`1 retry, DbConnectionOptions userOptions, DbConnectionInternal& connection)
   at Microsoft.Data.ProviderBase.DbConnectionFactory.TryGetConnection(DbConnection owningConnection, TaskCompletionSource`1 retry, DbConnectionOptions userOptions, DbConnectionInternal oldConnection, DbConnectionInternal& connection)
   at Microsoft.Data.ProviderBase.DbConnectionInternal.TryOpenConnectionInternal(DbConnection outerConnection, DbConnectionFactory connectionFactory, TaskCompletionSource`1 retry, DbConnectionOptions userOptions)
   at Microsoft.Data.SqlClient.SqlConnection.TryOpen(TaskCompletionSource`1 retry, SqlConnectionOverrides overrides)
   at Microsoft.Data.SqlClient.SqlConnection.InternalOpenAsync(CancellationToken cancellationToken)
--- End of stack trace from previous location ---
   at Microsoft.EntityFrameworkCore.Storage.RelationalConnection.OpenInternalAsync(Boolean errorsExpected, CancellationToken cancellationToken)
   at Microsoft.EntityFrameworkCore.Storage.RelationalConnection.OpenInternalAsync(Boolean errorsExpected, CancellationToken cancellationToken)
   at Microsoft.EntityFrameworkCore.Storage.RelationalConnection.OpenAsync(CancellationToken cancellationToken, Boolean errorsExpected)
   at Microsoft.EntityFrameworkCore.Storage.RelationalCommand.ExecuteReaderAsync(RelationalCommandParameterObject parameterObject, CancellationToken cancellationToken)
   at Microsoft.EntityFrameworkCore.Query.Internal.SplitQueryingEnumerable`1.AsyncEnumerator.InitializeReaderAsync(AsyncEnumerator enumerator, CancellationToken cancellationToken)
   at Microsoft.EntityFrameworkCore.Storage.ExecutionStrategy.<>c__DisplayClass30_0`2.<<ExecuteAsync>b__0>d.MoveNext()
--- End of stack trace from previous location ---
   at Microsoft.EntityFrameworkCore.Storage.ExecutionStrategy.ExecuteImplementationAsync[TState,TResult](Func`4 operation, Func`4 verifySucceeded, TState state, CancellationToken cancellationToken)
ClientConnectionId:11aa264d-36ca-4c20-908b-6e1b5ebd3849
Error Number:4060,State:1,Class:11
   --- End of inner exception stack trace ---
   at Microsoft.EntityFrameworkCore.Storage.ExecutionStrategy.ExecuteImplementationAsync[TState,TResult](Func`4 operation, Func`4 verifySucceeded, TState state, CancellationToken cancellationToken)
   at Microsoft.EntityFrameworkCore.Storage.ExecutionStrategy.ExecuteAsync[TState,TResult](TState state, Func`4 operation, Func`4 verifySucceeded, CancellationToken cancellationToken)
   at Microsoft.EntityFrameworkCore.Query.Internal.SplitQueryingEnumerable`1.AsyncEnumerator.MoveNextAsync()"
Microsoft.EntityFrameworkCore.Storage.RetryLimitExceededException: The maximum number of retries (3) was exceeded while executing database operations with 'SqlServerRetryingExecutionStrategy'. See the inner exception for the most recent failure.
 ---> Microsoft.Data.SqlClient.SqlException (0x80131904): Cannot open database "SourceOfFund" requested by the login. The login failed.
Login failed for user 'Rana'.
   at Microsoft.Data.ProviderBase.DbConnectionPool.TryGetConnection(DbConnection owningObject, UInt32 waitForMultipleObjectsTimeout, Boolean allowCreate, Boolean onlyOneCheckConnection, DbConnectionOptions userOptions, DbConnectionInternal& connection)
   at Microsoft.Data.ProviderBase.DbConnectionPool.TryGetConnection(DbConnection owningObject, TaskCompletionSource`1 retry, DbConnectionOptions userOptions, DbConnectionInternal& connection)
   at Microsoft.Data.ProviderBase.DbConnectionFactory.TryGetConnection(DbConnection owningConnection, TaskCompletionSource`1 retry, DbConnectionOptions userOptions, DbConnectionInternal oldConnection, DbConnectionInternal& connection)
   at Microsoft.Data.ProviderBase.DbConnectionInternal.TryOpenConnectionInternal(DbConnection outerConnection, DbConnectionFactory connectionFactory, TaskCompletionSource`1 retry, DbConnectionOptions userOptions)
   at Microsoft.Data.SqlClient.SqlConnection.TryOpen(TaskCompletionSource`1 retry, SqlConnectionOverrides overrides)
   at Microsoft.Data.SqlClient.SqlConnection.InternalOpenAsync(CancellationToken cancellationToken)
--- End of stack trace from previous location ---
   at Microsoft.EntityFrameworkCore.Storage.RelationalConnection.OpenInternalAsync(Boolean errorsExpected, CancellationToken cancellationToken)
   at Microsoft.EntityFrameworkCore.Storage.RelationalConnection.OpenInternalAsync(Boolean errorsExpected, CancellationToken cancellationToken)
   at Microsoft.EntityFrameworkCore.Storage.RelationalConnection.OpenAsync(CancellationToken cancellationToken, Boolean errorsExpected)
   at Microsoft.EntityFrameworkCore.Storage.RelationalCommand.ExecuteReaderAsync(RelationalCommandParameterObject parameterObject, CancellationToken cancellationToken)
   at Microsoft.EntityFrameworkCore.Query.Internal.SplitQueryingEnumerable`1.AsyncEnumerator.InitializeReaderAsync(AsyncEnumerator enumerator, CancellationToken cancellationToken)
   at Microsoft.EntityFrameworkCore.Storage.ExecutionStrategy.<>c__DisplayClass30_0`2.<<ExecuteAsync>b__0>d.MoveNext()
--- End of stack trace from previous location ---
   at Microsoft.EntityFrameworkCore.Storage.ExecutionStrategy.ExecuteImplementationAsync[TState,TResult](Func`4 operation, Func`4 verifySucceeded, TState state, CancellationToken cancellationToken)
ClientConnectionId:11aa264d-36ca-4c20-908b-6e1b5ebd3849
Error Number:4060,State:1,Class:11
   --- End of inner exception stack trace ---
   at Microsoft.EntityFrameworkCore.Storage.ExecutionStrategy.ExecuteImplementationAsync[TState,TResult](Func`4 operation, Func`4 verifySucceeded, TState state, CancellationToken cancellationToken)
   at Microsoft.EntityFrameworkCore.Storage.ExecutionStrategy.ExecuteAsync[TState,TResult](TState state, Func`4 operation, Func`4 verifySucceeded, CancellationToken cancellationToken)
   at Microsoft.EntityFrameworkCore.Query.Internal.SplitQueryingEnumerable`1.AsyncEnumerator.MoveNextAsync()
2026-06-21 12: 18: 00.837 {"LogDate":"2026-06-21","LogTime":"12:18:00.837","LogLevel":"Error","Entity":"Momkn","Module":"TMS","IP":"10.244.8.209","DenominationId":null,"Method":"GetBalance","Source":null,"Destination":null,"BRN":null,"BillingAccount":null,"MessageBody":"Exception","ExtraData":[{"Key":"AccountId","Value":"6"},{"Key":"BalanceTypeId","Value":"1"}],"CorrelationId":"a6a1ba75-1a14-440e-ae22-4381ffd2d843"}
Microsoft.EntityFrameworkCore.Storage.RetryLimitExceededException: The maximum number of retries (3) was exceeded while executing database operations with 'SqlServerRetryingExecutionStrategy'. See the inner exception for the most recent failure.
 ---> Microsoft.Data.SqlClient.SqlException (0x80131904): Cannot open database "SourceOfFund" requested by the login. The login failed.
Login failed for user 'Rana'.
   at Microsoft.Data.ProviderBase.DbConnectionPool.TryGetConnection(DbConnection owningObject, UInt32 waitForMultipleObjectsTimeout, Boolean allowCreate, Boolean onlyOneCheckConnection, DbConnectionOptions userOptions, DbConnectionInternal& connection)
   at Microsoft.Data.ProviderBase.DbConnectionPool.TryGetConnection(DbConnection owningObject, TaskCompletionSource`1 retry, DbConnectionOptions userOptions, DbConnectionInternal& connection)
   at Microsoft.Data.ProviderBase.DbConnectionFactory.TryGetConnection(DbConnection owningConnection, TaskCompletionSource`1 retry, DbConnectionOptions userOptions, DbConnectionInternal oldConnection, DbConnectionInternal& connection)
   at Microsoft.Data.ProviderBase.DbConnectionInternal.TryOpenConnectionInternal(DbConnection outerConnection, DbConnectionFactory connectionFactory, TaskCompletionSource`1 retry, DbConnectionOptions userOptions)
   at Microsoft.Data.SqlClient.SqlConnection.TryOpen(TaskCompletionSource`1 retry, SqlConnectionOverrides overrides)
   at Microsoft.Data.SqlClient.SqlConnection.InternalOpenAsync(CancellationToken cancellationToken)
--- End of stack trace from previous location ---
   at Microsoft.EntityFrameworkCore.Storage.RelationalConnection.OpenInternalAsync(Boolean errorsExpected, CancellationToken cancellationToken)
   at Microsoft.EntityFrameworkCore.Storage.RelationalConnection.OpenInternalAsync(Boolean errorsExpected, CancellationToken cancellationToken)
   at Microsoft.EntityFrameworkCore.Storage.RelationalConnection.OpenAsync(CancellationToken cancellationToken, Boolean errorsExpected)
   at Microsoft.EntityFrameworkCore.Storage.RelationalCommand.ExecuteReaderAsync(RelationalCommandParameterObject parameterObject, CancellationToken cancellationToken)
   at Microsoft.EntityFrameworkCore.Query.Internal.SplitQueryingEnumerable`1.AsyncEnumerator.InitializeReaderAsync(AsyncEnumerator enumerator, CancellationToken cancellationToken)
   at Microsoft.EntityFrameworkCore.Storage.ExecutionStrategy.<>c__DisplayClass30_0`2.<<ExecuteAsync>b__0>d.MoveNext()
--- End of stack trace from previous location ---
   at Microsoft.EntityFrameworkCore.Storage.ExecutionStrategy.ExecuteImplementationAsync[TState,TResult](Func`4 operation, Func`4 verifySucceeded, TState state, CancellationToken cancellationToken)
ClientConnectionId:11aa264d-36ca-4c20-908b-6e1b5ebd3849
Error Number:4060,State:1,Class:11
   --- End of inner exception stack trace ---
   at Microsoft.EntityFrameworkCore.Storage.ExecutionStrategy.ExecuteImplementationAsync[TState,TResult](Func`4 operation, Func`4 verifySucceeded, TState state, CancellationToken cancellationToken)
   at Microsoft.EntityFrameworkCore.Storage.ExecutionStrategy.ExecuteAsync[TState,TResult](TState state, Func`4 operation, Func`4 verifySucceeded, CancellationToken cancellationToken)
   at Microsoft.EntityFrameworkCore.Query.Internal.SplitQueryingEnumerable`1.AsyncEnumerator.MoveNextAsync()
   at Microsoft.EntityFrameworkCore.Query.ShapedQueryCompilingExpressionVisitor.SingleOrDefaultAsync[TSource](IAsyncEnumerable`1 asyncEnumerable, CancellationToken cancellationToken)
   at Microsoft.EntityFrameworkCore.Query.ShapedQueryCompilingExpressionVisitor.SingleOrDefaultAsync[TSource](IAsyncEnumerable`1 asyncEnumerable, CancellationToken cancellationToken)
   at SourceOfFund.Services.Services.AccountBalanceService.GetBalance(Int32 accountId, Int32 balanceTypeId) in /var/charts/sources/alahlymomkn.backend/SourceOfFund.Services/Services/AccountBalanceService.cs:line 197
   at SourceOfFund.API.Controllers.V1.AccountsController.GetBalance(Int32 accountId, Int32 balanceTypeId) in /var/charts/sources/alahlymomkn.backend/SourceOfFund.API/Controllers/V1/AccountsController.cs:line 41
2026-06-21 12: 18: 00.845 Received response with Correlation_ID: a6a1ba75-1a14-440e-ae22-4381ffd2d843
2026-06-21 13: 30: 50.342 Create request with Correlation_ID: ba9ef7c5-6449-40c8-8879-364dcc8beb81
2026-06-21 13: 30: 50.491 {"LogDate":"2026-06-21","LogTime":"13:30:50.491","LogLevel":"Information","Entity":"Momkn","Module":"TMS","IP":"10.244.8.209","DenominationId":null,"Method":"AddBalance","Source":"TMS","Destination":"SOF","BRN":null,"BillingAccount":null,"MessageBody":"[AddBalance] ","ExtraData":[{"Key":"ToAccountId","Value":"6"},{"Key":"RequestId","Value":"571372"},{"Key":"Amount","Value":"90.0"}],"CorrelationId":"ba9ef7c5-6449-40c8-8879-364dcc8beb81"}
2026-06-21 13: 30: 50.492 {"LogDate":"2026-06-21","LogTime":"13:30:50.491","LogLevel":"Information","Entity":"Momkn","Module":"TMS","IP":"10.244.8.209","DenominationId":null,"Method":"AddBalance","Source":"TMS","Destination":"SOF","BRN":null,"BillingAccount":null,"MessageBody":"[AddBalance] ","ExtraData":[{"Key":"ToAccountId","Value":"6"},{"Key":"RequestId","Value":"571372"},{"Key":"Amount","Value":"90.0"}],"CorrelationId":"ba9ef7c5-6449-40c8-8879-364dcc8beb81"}
2026-06-21 13: 30: 50.501 An error occurred using the connection to database '"SourceOfFund"' on server '"10.90.7.160"'.
2026-06-21 13: 30: 50.503 {"LogDate":"2026-06-21","LogTime":"13:30:50.502","LogLevel":"Error","Entity":"Momkn","Module":"TMS","IP":"10.244.8.209","DenominationId":null,"Method":"AddBalance","Source":null,"Destination":null,"BRN":null,"BillingAccount":null,"MessageBody":"[AddBalance Exception]","ExtraData":[{"Key":"ToAccountId","Value":"6"},{"Key":"RequestId","Value":"571372"},{"Key":"Amount","Value":"90.0"}],"CorrelationId":"ba9ef7c5-6449-40c8-8879-364dcc8beb81"}
Microsoft.Data.SqlClient.SqlException (0x80131904): Cannot open database "SourceOfFund" requested by the login. The login failed.
Login failed for user 'Rana'.
   at Microsoft.Data.ProviderBase.DbConnectionPool.TryGetConnection(DbConnection owningObject, UInt32 waitForMultipleObjectsTimeout, Boolean allowCreate, Boolean onlyOneCheckConnection, DbConnectionOptions userOptions, DbConnectionInternal& connection)
   at Microsoft.Data.ProviderBase.DbConnectionPool.TryGetConnection(DbConnection owningObject, TaskCompletionSource`1 retry, DbConnectionOptions userOptions, DbConnectionInternal& connection)
   at Microsoft.Data.ProviderBase.DbConnectionFactory.TryGetConnection(DbConnection owningConnection, TaskCompletionSource`1 retry, DbConnectionOptions userOptions, DbConnectionInternal oldConnection, DbConnectionInternal& connection)
   at Microsoft.Data.ProviderBase.DbConnectionInternal.TryOpenConnectionInternal(DbConnection outerConnection, DbConnectionFactory connectionFactory, TaskCompletionSource`1 retry, DbConnectionOptions userOptions)
   at Microsoft.Data.SqlClient.SqlConnection.TryOpen(TaskCompletionSource`1 retry, SqlConnectionOverrides overrides)
   at Microsoft.Data.SqlClient.SqlConnection.InternalOpenAsync(CancellationToken cancellationToken)
--- End of stack trace from previous location ---
   at Microsoft.EntityFrameworkCore.Storage.RelationalConnection.OpenInternalAsync(Boolean errorsExpected, CancellationToken cancellationToken)
   at Microsoft.EntityFrameworkCore.Storage.RelationalConnection.OpenInternalAsync(Boolean errorsExpected, CancellationToken cancellationToken)
   at Microsoft.EntityFrameworkCore.Storage.RelationalConnection.OpenAsync(CancellationToken cancellationToken, Boolean errorsExpected)
   at Microsoft.EntityFrameworkCore.Storage.RelationalCommand.ExecuteNonQueryAsync(RelationalCommandParameterObject parameterObject, CancellationToken cancellationToken)
   at Microsoft.EntityFrameworkCore.RelationalDatabaseFacadeExtensions.ExecuteSqlRawAsync(DatabaseFacade databaseFacade, String sql, IEnumerable`1 parameters, CancellationToken cancellationToken)
   at SourceOfFund.Services.Services.AccountBalanceServiceV2.AddBalance(AddBalanceDTO model) in /var/charts/sources/alahlymomkn.backend/SourceOfFund.Services/Services/AccountBalanceServiceV2.cs:line 732
   at SourceOfFund.API.Controllers.V2.AccountsController.AddBalance(AddBalanceDTO model) in /var/charts/sources/alahlymomkn.backend/SourceOfFund.API/Controllers/V2/AccountsController.cs:line 577
ClientConnectionId:535e066b-a6c0-428b-8265-24c1c2c54e86
Error Number:4060,State:1,Class:11
2026-06-21 13: 30: 50.512 {"LogDate":"2026-06-21","LogTime":"13:30:50.512","LogLevel":"Error","Entity":"Momkn","Module":"TMS","IP":"10.244.8.209","DenominationId":null,"Method":"AddBalance","Source":null,"Destination":null,"BRN":null,"BillingAccount":null,"MessageBody":"[AddBalance Exception]","ExtraData":[{"Key":"ToAccountId","Value":"6"},{"Key":"RequestId","Value":"571372"},{"Key":"Amount","Value":"90.0"}],"CorrelationId":"ba9ef7c5-6449-40c8-8879-364dcc8beb81"}
Microsoft.Data.SqlClient.SqlException (0x80131904): Cannot open database "SourceOfFund" requested by the login. The login failed.
Login failed for user 'Rana'.
   at Microsoft.Data.ProviderBase.DbConnectionPool.TryGetConnection(DbConnection owningObject, UInt32 waitForMultipleObjectsTimeout, Boolean allowCreate, Boolean onlyOneCheckConnection, DbConnectionOptions userOptions, DbConnectionInternal& connection)
   at Microsoft.Data.ProviderBase.DbConnectionPool.TryGetConnection(DbConnection owningObject, TaskCompletionSource`1 retry, DbConnectionOptions userOptions, DbConnectionInternal& connection)
   at Microsoft.Data.ProviderBase.DbConnectionFactory.TryGetConnection(DbConnection owningConnection, TaskCompletionSource`1 retry, DbConnectionOptions userOptions, DbConnectionInternal oldConnection, DbConnectionInternal& connection)
   at Microsoft.Data.ProviderBase.DbConnectionInternal.TryOpenConnectionInternal(DbConnection outerConnection, DbConnectionFactory connectionFactory, TaskCompletionSource`1 retry, DbConnectionOptions userOptions)
   at Microsoft.Data.SqlClient.SqlConnection.TryOpen(TaskCompletionSource`1 retry, SqlConnectionOverrides overrides)
   at Microsoft.Data.SqlClient.SqlConnection.InternalOpenAsync(CancellationToken cancellationToken)
--- End of stack trace from previous location ---
   at Microsoft.EntityFrameworkCore.Storage.RelationalConnection.OpenInternalAsync(Boolean errorsExpected, CancellationToken cancellationToken)
   at Microsoft.EntityFrameworkCore.Storage.RelationalConnection.OpenInternalAsync(Boolean errorsExpected, CancellationToken cancellationToken)
   at Microsoft.EntityFrameworkCore.Storage.RelationalConnection.OpenAsync(CancellationToken cancellationToken, Boolean errorsExpected)
   at Microsoft.EntityFrameworkCore.Storage.RelationalCommand.ExecuteNonQueryAsync(RelationalCommandParameterObject parameterObject, CancellationToken cancellationToken)
   at Microsoft.EntityFrameworkCore.RelationalDatabaseFacadeExtensions.ExecuteSqlRawAsync(DatabaseFacade databaseFacade, String sql, IEnumerable`1 parameters, CancellationToken cancellationToken)
   at SourceOfFund.Services.Services.AccountBalanceServiceV2.AddBalance(AddBalanceDTO model) in /var/charts/sources/alahlymomkn.backend/SourceOfFund.Services/Services/AccountBalanceServiceV2.cs:line 732
   at SourceOfFund.API.Controllers.V2.AccountsController.AddBalance(AddBalanceDTO model) in /var/charts/sources/alahlymomkn.backend/SourceOfFund.API/Controllers/V2/AccountsController.cs:line 577
ClientConnectionId:535e066b-a6c0-428b-8265-24c1c2c54e86
Error Number:4060,State:1,Class:11
2026-06-21 13: 30: 50.520 Received response with Correlation_ID: ba9ef7c5-6449-40c8-8879-364dcc8beb81
2026-06-21 13: 36: 02.985 Create request with Correlation_ID: f0c7dc1b-a32b-4b05-8dd6-63c22dd3bb24
2026-06-21 13: 36: 02.990 {"LogDate":"2026-06-21","LogTime":"13:36:02.990","LogLevel":"Information","Entity":"Momkn","Module":"TMS","IP":"10.244.8.209","DenominationId":null,"Method":"AddBalance","Source":"TMS","Destination":"SOF","BRN":null,"BillingAccount":null,"MessageBody":"[AddBalance] ","ExtraData":[{"Key":"ToAccountId","Value":"6"},{"Key":"RequestId","Value":"571373"},{"Key":"Amount","Value":"90.0"}],"CorrelationId":"f0c7dc1b-a32b-4b05-8dd6-63c22dd3bb24"}
2026-06-21 13: 36: 02.990 {"LogDate":"2026-06-21","LogTime":"13:36:02.990","LogLevel":"Information","Entity":"Momkn","Module":"TMS","IP":"10.244.8.209","DenominationId":null,"Method":"AddBalance","Source":"TMS","Destination":"SOF","BRN":null,"BillingAccount":null,"MessageBody":"[AddBalance] ","ExtraData":[{"Key":"ToAccountId","Value":"6"},{"Key":"RequestId","Value":"571373"},{"Key":"Amount","Value":"90.0"}],"CorrelationId":"f0c7dc1b-a32b-4b05-8dd6-63c22dd3bb24"}
2026-06-21 13: 36: 13.032 An error occurred using the connection to database '"SourceOfFund"' on server '"10.90.7.160"'.
2026-06-21 13: 36: 13.036 {"LogDate":"2026-06-21","LogTime":"13:36:13.035","LogLevel":"Error","Entity":"Momkn","Module":"TMS","IP":"10.244.8.209","DenominationId":null,"Method":"AddBalance","Source":null,"Destination":null,"BRN":null,"BillingAccount":null,"MessageBody":"[AddBalance Exception]","ExtraData":[{"Key":"ToAccountId","Value":"6"},{"Key":"RequestId","Value":"571373"},{"Key":"Amount","Value":"90.0"}],"CorrelationId":"f0c7dc1b-a32b-4b05-8dd6-63c22dd3bb24"}
Microsoft.Data.SqlClient.SqlException (0x80131904): Cannot open database "SourceOfFund" requested by the login. The login failed.
Login failed for user 'Rana'.
   at Microsoft.Data.SqlClient.TdsParser.ThrowExceptionAndWarning(TdsParserStateObject stateObj, Boolean callerHasConnectionLock, Boolean asyncClose)
   at Microsoft.Data.SqlClient.TdsParser.TryRun(RunBehavior runBehavior, SqlCommand cmdHandler, SqlDataReader dataStream, BulkCopySimpleResultSet bulkCopyHandler, TdsParserStateObject stateObj, Boolean& dataReady)
   at Microsoft.Data.SqlClient.TdsParser.Run(RunBehavior runBehavior, SqlCommand cmdHandler, SqlDataReader dataStream, BulkCopySimpleResultSet bulkCopyHandler, TdsParserStateObject stateObj)
   at Microsoft.Data.SqlClient.SqlInternalConnectionTds.CompleteLogin(Boolean enlistOK)
   at Microsoft.Data.SqlClient.SqlInternalConnectionTds.AttemptOneLogin(ServerInfo serverInfo, String newPassword, SecureString newSecurePassword, Boolean ignoreSniOpenTimeout, TimeoutTimer timeout, Boolean withFailover)
   at Microsoft.Data.SqlClient.SqlInternalConnectionTds.LoginNoFailover(ServerInfo serverInfo, String newPassword, SecureString newSecurePassword, Boolean redirectedUserInstance, SqlConnectionString connectionOptions, SqlCredential credential, TimeoutTimer timeout)
   at Microsoft.Data.SqlClient.SqlInternalConnectionTds.OpenLoginEnlist(TimeoutTimer timeout, SqlConnectionString connectionOptions, SqlCredential credential, String newPassword, SecureString newSecurePassword, Boolean redirectedUserInstance)
   at Microsoft.Data.SqlClient.SqlInternalConnectionTds..ctor(DbConnectionPoolIdentity identity, SqlConnectionString connectionOptions, SqlCredential credential, Object providerInfo, String newPassword, SecureString newSecurePassword, Boolean redirectedUserInstance, SqlConnectionString userConnectionOptions, SessionData reconnectSessionData, Boolean applyTransientFaultHandling, String accessToken, DbConnectionPool pool)
   at Microsoft.Data.SqlClient.SqlConnectionFactory.CreateConnection(DbConnectionOptions options, DbConnectionPoolKey poolKey, Object poolGroupProviderInfo, DbConnectionPool pool, DbConnection owningConnection, DbConnectionOptions userOptions)
   at Microsoft.Data.ProviderBase.DbConnectionFactory.CreatePooledConnection(DbConnectionPool pool, DbConnection owningObject, DbConnectionOptions options, DbConnectionPoolKey poolKey, DbConnectionOptions userOptions)
   at Microsoft.Data.ProviderBase.DbConnectionPool.CreateObject(DbConnection owningObject, DbConnectionOptions userOptions, DbConnectionInternal oldConnection)
   at Microsoft.Data.ProviderBase.DbConnectionPool.UserCreateRequest(DbConnection owningObject, DbConnectionOptions userOptions, DbConnectionInternal oldConnection)
   at Microsoft.Data.ProviderBase.DbConnectionPool.TryGetConnection(DbConnection owningObject, UInt32 waitForMultipleObjectsTimeout, Boolean allowCreate, Boolean onlyOneCheckConnection, DbConnectionOptions userOptions, DbConnectionInternal& connection)
   at Microsoft.Data.ProviderBase.DbConnectionPool.WaitForPendingOpen()
--- End of stack trace from previous location ---
   at Microsoft.EntityFrameworkCore.Storage.RelationalConnection.OpenInternalAsync(Boolean errorsExpected, CancellationToken cancellationToken)
   at Microsoft.EntityFrameworkCore.Storage.RelationalConnection.OpenInternalAsync(Boolean errorsExpected, CancellationToken cancellationToken)
   at Microsoft.EntityFrameworkCore.Storage.RelationalConnection.OpenAsync(CancellationToken cancellationToken, Boolean errorsExpected)
   at Microsoft.EntityFrameworkCore.Storage.RelationalCommand.ExecuteNonQueryAsync(RelationalCommandParameterObject parameterObject, CancellationToken cancellationToken)
   at Microsoft.EntityFrameworkCore.RelationalDatabaseFacadeExtensions.ExecuteSqlRawAsync(DatabaseFacade databaseFacade, String sql, IEnumerable`1 parameters, CancellationToken cancellationToken)
   at SourceOfFund.Services.Services.AccountBalanceServiceV2.AddBalance(AddBalanceDTO model) in /var/charts/sources/alahlymomkn.backend/SourceOfFund.Services/Services/AccountBalanceServiceV2.cs:line 732
   at SourceOfFund.API.Controllers.V2.AccountsController.AddBalance(AddBalanceDTO model) in /var/charts/sources/alahlymomkn.backend/SourceOfFund.API/Controllers/V2/AccountsController.cs:line 577
ClientConnectionId:80d716b7-4f3a-41fd-ab7e-fc41a9389dc0
Error Number:4060,State:1,Class:11
2026-06-21 13: 36: 13.044 {"LogDate":"2026-06-21","LogTime":"13:36:13.044","LogLevel":"Error","Entity":"Momkn","Module":"TMS","IP":"10.244.8.209","DenominationId":null,"Method":"AddBalance","Source":null,"Destination":null,"BRN":null,"BillingAccount":null,"MessageBody":"[AddBalance Exception]","ExtraData":[{"Key":"ToAccountId","Value":"6"},{"Key":"RequestId","Value":"571373"},{"Key":"Amount","Value":"90.0"}],"CorrelationId":"f0c7dc1b-a32b-4b05-8dd6-63c22dd3bb24"}
Microsoft.Data.SqlClient.SqlException (0x80131904): Cannot open database "SourceOfFund" requested by the login. The login failed.
Login failed for user 'Rana'.
   at Microsoft.Data.SqlClient.TdsParser.ThrowExceptionAndWarning(TdsParserStateObject stateObj, Boolean callerHasConnectionLock, Boolean asyncClose)
   at Microsoft.Data.SqlClient.TdsParser.TryRun(RunBehavior runBehavior, SqlCommand cmdHandler, SqlDataReader dataStream, BulkCopySimpleResultSet bulkCopyHandler, TdsParserStateObject stateObj, Boolean& dataReady)
   at Microsoft.Data.SqlClient.TdsParser.Run(RunBehavior runBehavior, SqlCommand cmdHandler, SqlDataReader dataStream, BulkCopySimpleResultSet bulkCopyHandler, TdsParserStateObject stateObj)
   at Microsoft.Data.SqlClient.SqlInternalConnectionTds.CompleteLogin(Boolean enlistOK)
   at Microsoft.Data.SqlClient.SqlInternalConnectionTds.AttemptOneLogin(ServerInfo serverInfo, String newPassword, SecureString newSecurePassword, Boolean ignoreSniOpenTimeout, TimeoutTimer timeout, Boolean withFailover)
   at Microsoft.Data.SqlClient.SqlInternalConnectionTds.LoginNoFailover(ServerInfo serverInfo, String newPassword, SecureString newSecurePassword, Boolean redirectedUserInstance, SqlConnectionString connectionOptions, SqlCredential credential, TimeoutTimer timeout)
   at Microsoft.Data.SqlClient.SqlInternalConnectionTds.OpenLoginEnlist(TimeoutTimer timeout, SqlConnectionString connectionOptions, SqlCredential credential, String newPassword, SecureString newSecurePassword, Boolean redirectedUserInstance)
   at Microsoft.Data.SqlClient.SqlInternalConnectionTds..ctor(DbConnectionPoolIdentity identity, SqlConnectionString connectionOptions, SqlCredential credential, Object providerInfo, String newPassword, SecureString newSecurePassword, Boolean redirectedUserInstance, SqlConnectionString userConnectionOptions, SessionData reconnectSessionData, Boolean applyTransientFaultHandling, String accessToken, DbConnectionPool pool)
   at Microsoft.Data.SqlClient.SqlConnectionFactory.CreateConnection(DbConnectionOptions options, DbConnectionPoolKey poolKey, Object poolGroupProviderInfo, DbConnectionPool pool, DbConnection owningConnection, DbConnectionOptions userOptions)
   at Microsoft.Data.ProviderBase.DbConnectionFactory.CreatePooledConnection(DbConnectionPool pool, DbConnection owningObject, DbConnectionOptions options, DbConnectionPoolKey poolKey, DbConnectionOptions userOptions)
   at Microsoft.Data.ProviderBase.DbConnectionPool.CreateObject(DbConnection owningObject, DbConnectionOptions userOptions, DbConnectionInternal oldConnection)
   at Microsoft.Data.ProviderBase.DbConnectionPool.UserCreateRequest(DbConnection owningObject, DbConnectionOptions userOptions, DbConnectionInternal oldConnection)
   at Microsoft.Data.ProviderBase.DbConnectionPool.TryGetConnection(DbConnection owningObject, UInt32 waitForMultipleObjectsTimeout, Boolean allowCreate, Boolean onlyOneCheckConnection, DbConnectionOptions userOptions, DbConnectionInternal& connection)
   at Microsoft.Data.ProviderBase.DbConnectionPool.WaitForPendingOpen()
--- End of stack trace from previous location ---
   at Microsoft.EntityFrameworkCore.Storage.RelationalConnection.OpenInternalAsync(Boolean errorsExpected, CancellationToken cancellationToken)
   at Microsoft.EntityFrameworkCore.Storage.RelationalConnection.OpenInternalAsync(Boolean errorsExpected, CancellationToken cancellationToken)
   at Microsoft.EntityFrameworkCore.Storage.RelationalConnection.OpenAsync(CancellationToken cancellationToken, Boolean errorsExpected)
   at Microsoft.EntityFrameworkCore.Storage.RelationalCommand.ExecuteNonQueryAsync(RelationalCommandParameterObject parameterObject, CancellationToken cancellationToken)
   at Microsoft.EntityFrameworkCore.RelationalDatabaseFacadeExtensions.ExecuteSqlRawAsync(DatabaseFacade databaseFacade, String sql, IEnumerable`1 parameters, CancellationToken cancellationToken)
   at SourceOfFund.Services.Services.AccountBalanceServiceV2.AddBalance(AddBalanceDTO model) in /var/charts/sources/alahlymomkn.backend/SourceOfFund.Services/Services/AccountBalanceServiceV2.cs:line 732
   at SourceOfFund.API.Controllers.V2.AccountsController.AddBalance(AddBalanceDTO model) in /var/charts/sources/alahlymomkn.backend/SourceOfFund.API/Controllers/V2/AccountsController.cs:line 577
ClientConnectionId:80d716b7-4f3a-41fd-ab7e-fc41a9389dc0
Error Number:4060,State:1,Class:11
2026-06-21 13: 36: 13.051 Received response with Correlation_ID: f0c7dc1b-a32b-4b05-8dd6-63c22dd3bb24